[{"@type":"workflow","id":"@1","name":"VCS_Asset_LTF_FF_FF","maxLogs":10,"references":[{"@type":"reference","refObjectId":"@6lrsFCGbOUliE5z4zA46mZ","refType":"mtTask"},{"@type":"reference","refObjectId":"@lmwVrnJrcGljUk8Q12qZC2","refType":"dssTask"}],"tasks":[{"@type":"workflowTask","taskId":"@6lrsFCGbOUliE5z4zA46mZ","type":"MTT","name":"VCS_Asset_LTF_Mapping_Task","stopOnError":false,"stopOnWarning":false},{"@type":"workflowTask","taskId":"@lmwVrnJrcGljUk8Q12qZC2","type":"DSS","name":"VCS_Asset_LTF_DSS_FF_FF","stopOnError":false,"stopOnWarning":false}]}]