[{"@type":"workflow","id":"@1","name":"VCS_Asset_LTF_FF_FF","maxLogs":10,"references":[{"@type":"reference","refObjectId":"@6z5VZnvmx4uk9QUk7DYgUO","refType":"mtTask"},{"@type":"reference","refObjectId":"@0OCSTjpizzbkLQnH126nOu","refType":"dssTask"}],"tasks":[{"@type":"workflowTask","taskId":"@6z5VZnvmx4uk9QUk7DYgUO","type":"MTT","name":"VCS_Asset_LTF_Mapping_Task","stopOnError":false,"stopOnWarning":false},{"@type":"workflowTask","taskId":"@0OCSTjpizzbkLQnH126nOu","type":"DSS","name":"VCS_Asset_LTF_DSS_FF_FF","stopOnError":false,"stopOnWarning":false}]}]