[{"@type":"workflow","id":"@1","name":"VCS_Asset_LTF_FF_FF","maxLogs":10,"references":[{"@type":"reference","refObjectId":"@5HOs9SDGMDQbRMVWUkMkIP","refType":"mtTask"},{"@type":"reference","refObjectId":"@2BiVqkegg5zbvMhpDtqtYi","refType":"dssTask"}],"tasks":[{"@type":"workflowTask","taskId":"@5HOs9SDGMDQbRMVWUkMkIP","type":"MTT","name":"VCS_Asset_LTF_Mapping_Task","stopOnError":false,"stopOnWarning":false},{"@type":"workflowTask","taskId":"@2BiVqkegg5zbvMhpDtqtYi","type":"DSS","name":"VCS_Asset_LTF_DSS_FF_FF","stopOnError":false,"stopOnWarning":false}]}]