[{"@type":"workflow","id":"@1","name":"VCS_Asset_LTF_FF_FF","maxLogs":10,"references":[{"@type":"reference","refObjectId":"@15kLN7u80EUfuYuGwK87YB","refType":"mtTask"},{"@type":"reference","refObjectId":"@5FGIo5HTvo1cgHOup7ajcC","refType":"dssTask"}],"tasks":[{"@type":"workflowTask","taskId":"@15kLN7u80EUfuYuGwK87YB","type":"MTT","name":"VCS_Asset_LTF_Mapping_Task","stopOnError":false,"stopOnWarning":false},{"@type":"workflowTask","taskId":"@5FGIo5HTvo1cgHOup7ajcC","type":"DSS","name":"VCS_Asset_LTF_DSS_FF_FF","stopOnError":false,"stopOnWarning":false}]}]