[{"@type":"workflow","id":"@1","name":"VCS_Asset_LTF_FF_FF","maxLogs":10,"references":[{"@type":"reference","refObjectId":"@29HMVhYhGSJf8ppiJSoRmJ","refType":"mtTask"},{"@type":"reference","refObjectId":"@aQPQHXSiViDfRZC5qotyiQ","refType":"dssTask"}],"tasks":[{"@type":"workflowTask","taskId":"@29HMVhYhGSJf8ppiJSoRmJ","type":"MTT","name":"VCS_Asset_LTF_Mapping_Task","stopOnError":false,"stopOnWarning":false},{"@type":"workflowTask","taskId":"@aQPQHXSiViDfRZC5qotyiQ","type":"DSS","name":"VCS_Asset_LTF_DSS_FF_FF","stopOnError":false,"stopOnWarning":false}]}]