[{"@type":"workflow","id":"@1","name":"VCS_Asset_LTF_FF_FF","maxLogs":10,"references":[{"@type":"reference","refObjectId":"@4K7Zx8Vz2qGlndPDNkHAuR","refType":"mtTask"},{"@type":"reference","refObjectId":"@eWQkQGEcDsRcxyVNB1kWkS","refType":"dssTask"}],"tasks":[{"@type":"workflowTask","taskId":"@4K7Zx8Vz2qGlndPDNkHAuR","type":"MTT","name":"VCS_Asset_LTF_Mapping_Task","stopOnError":false,"stopOnWarning":false},{"@type":"workflowTask","taskId":"@eWQkQGEcDsRcxyVNB1kWkS","type":"DSS","name":"VCS_Asset_LTF_DSS_FF_FF","stopOnError":false,"stopOnWarning":false}]}]