[{"@type":"workflow","id":"@1","name":"VCS_Asset_LTF_FF_FF","maxLogs":10,"references":[{"@type":"reference","refObjectId":"@gOT3UnSrbmqjdJa06ase2U","refType":"mtTask"},{"@type":"reference","refObjectId":"@ksUb1JxfOmoe3RbDYOVzo5","refType":"dssTask"}],"tasks":[{"@type":"workflowTask","taskId":"@gOT3UnSrbmqjdJa06ase2U","type":"MTT","name":"VCS_Asset_LTF_Mapping_Task","stopOnError":false,"stopOnWarning":false},{"@type":"workflowTask","taskId":"@ksUb1JxfOmoe3RbDYOVzo5","type":"DSS","name":"VCS_Asset_LTF_DSS_FF_FF","stopOnError":false,"stopOnWarning":false}]}]