[{"@type":"workflow","id":"@1","name":"VCS_Asset_LTF_FF_FF","maxLogs":10,"references":[{"@type":"reference","refObjectId":"@7e5MUz26v86bA7W2h9GDy3","refType":"mtTask"},{"@type":"reference","refObjectId":"@5KOzOg3uBt0l1AfQqw3got","refType":"dssTask"}],"tasks":[{"@type":"workflowTask","taskId":"@7e5MUz26v86bA7W2h9GDy3","type":"MTT","name":"VCS_Asset_LTF_Mapping_Task","stopOnError":false,"stopOnWarning":false},{"@type":"workflowTask","taskId":"@5KOzOg3uBt0l1AfQqw3got","type":"DSS","name":"VCS_Asset_LTF_DSS_FF_FF","stopOnError":false,"stopOnWarning":false}]}]