[{"@type":"workflow","id":"@1","name":"VCS_Asset_LTF_FF_FF","maxLogs":10,"references":[{"@type":"reference","refObjectId":"@5DeOfWUL115bebMVde1PSa","refType":"mtTask"},{"@type":"reference","refObjectId":"@2GAUfmTCsy6hey6hxP9BE5","refType":"dssTask"}],"tasks":[{"@type":"workflowTask","taskId":"@5DeOfWUL115bebMVde1PSa","type":"MTT","name":"VCS_Asset_LTF_Mapping_Task","stopOnError":false,"stopOnWarning":false},{"@type":"workflowTask","taskId":"@2GAUfmTCsy6hey6hxP9BE5","type":"DSS","name":"VCS_Asset_LTF_DSS_FF_FF","stopOnError":false,"stopOnWarning":false}]}]