[{"@type":"workflow","id":"@1","name":"VCS_Asset_LTF_FF_FF","maxLogs":10,"references":[{"@type":"reference","refObjectId":"@dSsRX8x7nEBlnRfHtntfO2","refType":"mtTask"},{"@type":"reference","refObjectId":"@39OBXYVK4MQeduvfquRFUI","refType":"dssTask"}],"tasks":[{"@type":"workflowTask","taskId":"@dSsRX8x7nEBlnRfHtntfO2","type":"MTT","name":"VCS_Asset_LTF_Mapping_Task","stopOnError":false,"stopOnWarning":false},{"@type":"workflowTask","taskId":"@39OBXYVK4MQeduvfquRFUI","type":"DSS","name":"VCS_Asset_LTF_DSS_FF_FF","stopOnError":false,"stopOnWarning":false}]}]