[{"@type":"workflow","id":"@1","name":"VCS_Asset_LTF_FF_FF","maxLogs":10,"references":[{"@type":"reference","refObjectId":"@1cWW8MYTXGNffVgHWcyjuF","refType":"mtTask"},{"@type":"reference","refObjectId":"@4Xuk510mOaVbXLV2UARWc2","refType":"dssTask"}],"tasks":[{"@type":"workflowTask","taskId":"@1cWW8MYTXGNffVgHWcyjuF","type":"MTT","name":"VCS_Asset_LTF_Mapping_Task","stopOnError":false,"stopOnWarning":false},{"@type":"workflowTask","taskId":"@4Xuk510mOaVbXLV2UARWc2","type":"DSS","name":"VCS_Asset_LTF_DSS_FF_FF","stopOnError":false,"stopOnWarning":false}]}]