[{"@type":"workflow","id":"@1","name":"VCS_Asset_LTF_FF_FF","maxLogs":10,"references":[{"@type":"reference","refObjectId":"@3IFV2IM6kY9l4RPCICdf47","refType":"mtTask"},{"@type":"reference","refObjectId":"@bauBFlniEWSg1ATQcpHGE3","refType":"dssTask"}],"tasks":[{"@type":"workflowTask","taskId":"@3IFV2IM6kY9l4RPCICdf47","type":"MTT","name":"VCS_Asset_LTF_Mapping_Task","stopOnError":false,"stopOnWarning":false},{"@type":"workflowTask","taskId":"@bauBFlniEWSg1ATQcpHGE3","type":"DSS","name":"VCS_Asset_LTF_DSS_FF_FF","stopOnError":false,"stopOnWarning":false}]}]