[{"@type":"workflow","id":"@1","name":"VCS_Asset_LTF_FF_FF","maxLogs":10,"references":[{"@type":"reference","refObjectId":"@jxizi5etcWUlpSuzQcc9yT","refType":"mtTask"},{"@type":"reference","refObjectId":"@0RLBWaz8t9wlmHCfjEFS0u","refType":"dssTask"}],"tasks":[{"@type":"workflowTask","taskId":"@jxizi5etcWUlpSuzQcc9yT","type":"MTT","name":"VCS_Asset_LTF_Mapping_Task","stopOnError":false,"stopOnWarning":false},{"@type":"workflowTask","taskId":"@0RLBWaz8t9wlmHCfjEFS0u","type":"DSS","name":"VCS_Asset_LTF_DSS_FF_FF","stopOnError":false,"stopOnWarning":false}]}]