[{"@type":"workflow","id":"@1","name":"VCS_Asset_LTF_FF_FF","maxLogs":10,"references":[{"@type":"reference","refObjectId":"@71ymiJCVguHeiyWgt3iMGA","refType":"mtTask"},{"@type":"reference","refObjectId":"@8hWfWQbAP3djNTmzT0Zv8n","refType":"dssTask"}],"tasks":[{"@type":"workflowTask","taskId":"@71ymiJCVguHeiyWgt3iMGA","type":"MTT","name":"VCS_Asset_LTF_Mapping_Task","stopOnError":false,"stopOnWarning":false},{"@type":"workflowTask","taskId":"@8hWfWQbAP3djNTmzT0Zv8n","type":"DSS","name":"VCS_Asset_LTF_DSS_FF_FF","stopOnError":false,"stopOnWarning":false}]}]