[{"@type":"workflow","id":"@1","name":"VCS_Asset_LTF_FF_FF","maxLogs":10,"references":[{"@type":"reference","refObjectId":"@afJFcSJKlCvcUdr5yNb7kQ","refType":"mtTask"},{"@type":"reference","refObjectId":"@4ih6kQAfWYHjzNENad8e0H","refType":"dssTask"}],"tasks":[{"@type":"workflowTask","taskId":"@afJFcSJKlCvcUdr5yNb7kQ","type":"MTT","name":"VCS_Asset_LTF_Mapping_Task","stopOnError":false,"stopOnWarning":false},{"@type":"workflowTask","taskId":"@4ih6kQAfWYHjzNENad8e0H","type":"DSS","name":"VCS_Asset_LTF_DSS_FF_FF","stopOnError":false,"stopOnWarning":false}]}]