[{"@type":"workflow","id":"@1","name":"VCS_Asset_LTF_FF_FF","maxLogs":10,"references":[{"@type":"reference","refObjectId":"@g9iP8ZnIb0Bjjbh8qJyUil","refType":"mtTask"},{"@type":"reference","refObjectId":"@aX1jKgG7u6WlHnILn3ND06","refType":"dssTask"}],"tasks":[{"@type":"workflowTask","taskId":"@g9iP8ZnIb0Bjjbh8qJyUil","type":"MTT","name":"VCS_Asset_LTF_Mapping_Task","stopOnError":false,"stopOnWarning":false},{"@type":"workflowTask","taskId":"@aX1jKgG7u6WlHnILn3ND06","type":"DSS","name":"VCS_Asset_LTF_DSS_FF_FF","stopOnError":false,"stopOnWarning":false}]}]