[{"@type":"workflow","id":"@1","name":"VCS_Asset_LTF_FF_FF","maxLogs":10,"references":[{"@type":"reference","refObjectId":"@kTP0b8tApSCkg3WvytqT2f","refType":"mtTask"},{"@type":"reference","refObjectId":"@iasIlakhF2TlCEvweOhNe4","refType":"dssTask"}],"tasks":[{"@type":"workflowTask","taskId":"@kTP0b8tApSCkg3WvytqT2f","type":"MTT","name":"VCS_Asset_LTF_Mapping_Task","stopOnError":false,"stopOnWarning":false},{"@type":"workflowTask","taskId":"@iasIlakhF2TlCEvweOhNe4","type":"DSS","name":"VCS_Asset_LTF_DSS_FF_FF","stopOnError":false,"stopOnWarning":false}]}]