[{"@type":"workflow","id":"@1","name":"VCS_Asset_LTF_FF_FF","maxLogs":10,"references":[{"@type":"reference","refObjectId":"@7ak0hSflC38jZX6CisAc2d","refType":"mtTask"},{"@type":"reference","refObjectId":"@9zVSx1jjBmlc5h6Eo5Feqh","refType":"dssTask"}],"tasks":[{"@type":"workflowTask","taskId":"@7ak0hSflC38jZX6CisAc2d","type":"MTT","name":"VCS_Asset_LTF_Mapping_Task","stopOnError":false,"stopOnWarning":false},{"@type":"workflowTask","taskId":"@9zVSx1jjBmlc5h6Eo5Feqh","type":"DSS","name":"VCS_Asset_LTF_DSS_FF_FF","stopOnError":false,"stopOnWarning":false}]}]