[{"@type":"workflow","id":"@1","name":"VCS_Asset_LTF_FF_FF","maxLogs":10,"references":[{"@type":"reference","refObjectId":"@co8g9aeqSc7g3n8KsqQdQj","refType":"mtTask"},{"@type":"reference","refObjectId":"@2ebmdmPQOgudUaYlSGo6yH","refType":"dssTask"}],"tasks":[{"@type":"workflowTask","taskId":"@co8g9aeqSc7g3n8KsqQdQj","type":"MTT","name":"VCS_Asset_LTF_Mapping_Task","stopOnError":false,"stopOnWarning":false},{"@type":"workflowTask","taskId":"@2ebmdmPQOgudUaYlSGo6yH","type":"DSS","name":"VCS_Asset_LTF_DSS_FF_FF","stopOnError":false,"stopOnWarning":false}]}]