[{"@type":"workflow","id":"@1","name":"VCS_Asset_LTF_FF_FF","maxLogs":10,"references":[{"@type":"reference","refObjectId":"@l09WDUGnFwTe1H2ITcnVQp","refType":"mtTask"},{"@type":"reference","refObjectId":"@auKwgsY383dkQinSavED00","refType":"dssTask"}],"tasks":[{"@type":"workflowTask","taskId":"@l09WDUGnFwTe1H2ITcnVQp","type":"MTT","name":"VCS_Asset_LTF_Mapping_Task","stopOnError":false,"stopOnWarning":false},{"@type":"workflowTask","taskId":"@auKwgsY383dkQinSavED00","type":"DSS","name":"VCS_Asset_LTF_DSS_FF_FF","stopOnError":false,"stopOnWarning":false}]}]