[{"@type":"workflow","id":"@1","name":"VCS_Asset_LTF_FF_FF","maxLogs":10,"references":[{"@type":"reference","refObjectId":"@5IwdAE4sshqgylFTUmEW0t","refType":"mtTask"},{"@type":"reference","refObjectId":"@7wWZyG9MhEyd5BoHXsr0Cg","refType":"dssTask"}],"tasks":[{"@type":"workflowTask","taskId":"@5IwdAE4sshqgylFTUmEW0t","type":"MTT","name":"VCS_Asset_LTF_Mapping_Task","stopOnError":false,"stopOnWarning":false},{"@type":"workflowTask","taskId":"@7wWZyG9MhEyd5BoHXsr0Cg","type":"DSS","name":"VCS_Asset_LTF_DSS_FF_FF","stopOnError":false,"stopOnWarning":false}]}]