[{"@type":"workflow","id":"@1","name":"VCS_Asset_LTF_FF_FF","maxLogs":10,"references":[{"@type":"reference","refObjectId":"@7NOITBSG6M9eGjnpSFDTQe","refType":"mtTask"},{"@type":"reference","refObjectId":"@320pI83KtV4btoNl69eMq3","refType":"dssTask"}],"tasks":[{"@type":"workflowTask","taskId":"@7NOITBSG6M9eGjnpSFDTQe","type":"MTT","name":"VCS_Asset_LTF_Mapping_Task","stopOnError":false,"stopOnWarning":false},{"@type":"workflowTask","taskId":"@320pI83KtV4btoNl69eMq3","type":"DSS","name":"VCS_Asset_LTF_DSS_FF_FF","stopOnError":false,"stopOnWarning":false}]}]