[{"@type":"workflow","id":"@1","name":"VCS_Asset_LTF_FF_FF","maxLogs":10,"references":[{"@type":"reference","refObjectId":"@fMVufQf3ii2d2DPTLfQNsZ","refType":"mtTask"},{"@type":"reference","refObjectId":"@6Y3sqTquu3ThfIXfvaa6it","refType":"dssTask"}],"tasks":[{"@type":"workflowTask","taskId":"@fMVufQf3ii2d2DPTLfQNsZ","type":"MTT","name":"VCS_Asset_LTF_Mapping_Task","stopOnError":false,"stopOnWarning":false},{"@type":"workflowTask","taskId":"@6Y3sqTquu3ThfIXfvaa6it","type":"DSS","name":"VCS_Asset_LTF_DSS_FF_FF","stopOnError":false,"stopOnWarning":false}]}]