[{"@type":"workflow","id":"@1","name":"VCS_Asset_LTF_FF_FF","maxLogs":10,"references":[{"@type":"reference","refObjectId":"@1uG376nFXy3gvYHpiSBNgj","refType":"mtTask"},{"@type":"reference","refObjectId":"@1CB4QmfTQGLeoqRvspJfgU","refType":"dssTask"}],"tasks":[{"@type":"workflowTask","taskId":"@1uG376nFXy3gvYHpiSBNgj","type":"MTT","name":"VCS_Asset_LTF_Mapping_Task","stopOnError":false,"stopOnWarning":false},{"@type":"workflowTask","taskId":"@1CB4QmfTQGLeoqRvspJfgU","type":"DSS","name":"VCS_Asset_LTF_DSS_FF_FF","stopOnError":false,"stopOnWarning":false}]}]