[{"@type":"workflow","id":"@1","name":"VCS_Asset_LTF_FF_FF","maxLogs":10,"references":[{"@type":"reference","refObjectId":"@8suZ7mZgbSEgfkHzE1TWsf","refType":"mtTask"},{"@type":"reference","refObjectId":"@aHluYhTXyWilk4Z6muuEKB","refType":"dssTask"}],"tasks":[{"@type":"workflowTask","taskId":"@8suZ7mZgbSEgfkHzE1TWsf","type":"MTT","name":"VCS_Asset_LTF_Mapping_Task","stopOnError":false,"stopOnWarning":false},{"@type":"workflowTask","taskId":"@aHluYhTXyWilk4Z6muuEKB","type":"DSS","name":"VCS_Asset_LTF_DSS_FF_FF","stopOnError":false,"stopOnWarning":false}]}]