[{"@type":"workflow","id":"@1","name":"VCS_Asset_LTF_FF_FF","maxLogs":10,"references":[{"@type":"reference","refObjectId":"@aDGHEckPFRAlhMkgBHXwqI","refType":"mtTask"},{"@type":"reference","refObjectId":"@1ggNZq62ncDhuQXILsYfYk","refType":"dssTask"}],"tasks":[{"@type":"workflowTask","taskId":"@aDGHEckPFRAlhMkgBHXwqI","type":"MTT","name":"VCS_Asset_LTF_Mapping_Task","stopOnError":false,"stopOnWarning":false},{"@type":"workflowTask","taskId":"@1ggNZq62ncDhuQXILsYfYk","type":"DSS","name":"VCS_Asset_LTF_DSS_FF_FF","stopOnError":false,"stopOnWarning":false}]}]