[{"@type":"workflow","id":"@1","name":"VCS_Asset_LTF_FF_FF","maxLogs":10,"references":[{"@type":"reference","refObjectId":"@0VAB6RgQM6CiHcV2pVuVwZ","refType":"mtTask"},{"@type":"reference","refObjectId":"@jiPX4mhPpyXc1cWHwekz6g","refType":"dssTask"}],"tasks":[{"@type":"workflowTask","taskId":"@0VAB6RgQM6CiHcV2pVuVwZ","type":"MTT","name":"VCS_Asset_LTF_Mapping_Task","stopOnError":false,"stopOnWarning":false},{"@type":"workflowTask","taskId":"@jiPX4mhPpyXc1cWHwekz6g","type":"DSS","name":"VCS_Asset_LTF_DSS_FF_FF","stopOnError":false,"stopOnWarning":false}]}]