[{"@type":"workflow","id":"@1","name":"VCS_Asset_LTF_FF_FF","maxLogs":10,"references":[{"@type":"reference","refObjectId":"@hGzwJOmODqVgFB4RYT7lAq","refType":"mtTask"},{"@type":"reference","refObjectId":"@lHZM0bJAawWfVWrvz5oFo3","refType":"dssTask"}],"tasks":[{"@type":"workflowTask","taskId":"@hGzwJOmODqVgFB4RYT7lAq","type":"MTT","name":"VCS_Asset_LTF_Mapping_Task","stopOnError":false,"stopOnWarning":false},{"@type":"workflowTask","taskId":"@lHZM0bJAawWfVWrvz5oFo3","type":"DSS","name":"VCS_Asset_LTF_DSS_FF_FF","stopOnError":false,"stopOnWarning":false}]}]