[{"@type":"workflow","id":"@1","name":"VCS_Asset_LTF_FF_FF","maxLogs":10,"references":[{"@type":"reference","refObjectId":"@9INNfNesHl2jTGPfYOiA8Z","refType":"mtTask"},{"@type":"reference","refObjectId":"@hW5Mk4SrAuWjWICtdjocSG","refType":"dssTask"}],"tasks":[{"@type":"workflowTask","taskId":"@9INNfNesHl2jTGPfYOiA8Z","type":"MTT","name":"VCS_Asset_LTF_Mapping_Task","stopOnError":false,"stopOnWarning":false},{"@type":"workflowTask","taskId":"@hW5Mk4SrAuWjWICtdjocSG","type":"DSS","name":"VCS_Asset_LTF_DSS_FF_FF","stopOnError":false,"stopOnWarning":false}]}]