[{"@type":"workflow","id":"@1","name":"VCS_Asset_LTF_FF_FF","maxLogs":10,"references":[{"@type":"reference","refObjectId":"@l8GwIfnyIYghjo9wrv4x6P","refType":"mtTask"},{"@type":"reference","refObjectId":"@0Dyi7GBTKE5eEB7KozbLa2","refType":"dssTask"}],"tasks":[{"@type":"workflowTask","taskId":"@l8GwIfnyIYghjo9wrv4x6P","type":"MTT","name":"VCS_Asset_LTF_Mapping_Task","stopOnError":false,"stopOnWarning":false},{"@type":"workflowTask","taskId":"@0Dyi7GBTKE5eEB7KozbLa2","type":"DSS","name":"VCS_Asset_LTF_DSS_FF_FF","stopOnError":false,"stopOnWarning":false}]}]