[{"@type":"workflow","id":"@1","name":"VCS_Asset_LTF_FF_FF","maxLogs":10,"references":[{"@type":"reference","refObjectId":"@kuHD9UCLTIFkzN9Igl9Mgm","refType":"mtTask"},{"@type":"reference","refObjectId":"@ffZbyJPPzcSbuMYbxzSzis","refType":"dssTask"}],"tasks":[{"@type":"workflowTask","taskId":"@kuHD9UCLTIFkzN9Igl9Mgm","type":"MTT","name":"VCS_Asset_LTF_Mapping_Task","stopOnError":false,"stopOnWarning":false},{"@type":"workflowTask","taskId":"@ffZbyJPPzcSbuMYbxzSzis","type":"DSS","name":"VCS_Asset_LTF_DSS_FF_FF","stopOnError":false,"stopOnWarning":false}]}]