[{"@type":"workflow","id":"@1","name":"VCS_Asset_LTF_FF_FF","maxLogs":10,"references":[{"@type":"reference","refObjectId":"@5fzQ4ou7DkElGCkhKiMvin","refType":"mtTask"},{"@type":"reference","refObjectId":"@2ebmdmPQOgudUaYlSGo6yH","refType":"dssTask"}],"tasks":[{"@type":"workflowTask","taskId":"@5fzQ4ou7DkElGCkhKiMvin","type":"MTT","name":"VCS_Asset_LTF_Mapping_Task","stopOnError":false,"stopOnWarning":false},{"@type":"workflowTask","taskId":"@2ebmdmPQOgudUaYlSGo6yH","type":"DSS","name":"VCS_Asset_LTF_DSS_FF_FF","stopOnError":false,"stopOnWarning":false}]}]