[{"@type":"mappingTemplate","id":"@1","name":"PC_Mapping_SQL_FF_1","description":"Pod Certification Task: Mapping has a src and a target. ","bundleVersion":"0","templateId":"@3","deployTime":1568827889000,"hasParameters":false,"valid":true,"fixedConnection":true,"hasParametersDeployed":false,"fixedConnectionDeployed":true,"tasks":0,"mappingPreviewFileRecordId":"@2","references":[{"@type":"reference","refObjectId":"@jS6tXjGzNYUgFblNpIHdYk","refType":"connection"},{"@type":"reference","refObjectId":"@2gusMgfilETf1ghmbpwCoM","refType":"connection"}]}]