[{"@type":"dssTask","id":"@1","name":"Dss_ZDT","description":"","maxLogs":10,"sourceConnectionId":"@3cliKVLN60OggDlqkr0Aie","targetConnectionId":"@9Y1i3cdZXcTfAxFisqWuw7","targetObject":"TGT3_MULTOBJ_DEPTEMP.csv","targetObjectLabel":"TGT3_MULTOBJ_DEPTEMP.csv","operation":"Insert","maxRows":0,"truncateTarget":false,"bulkApiDBTarget":false,"verbose":false,"tgtFlatFileAttrs":{"@type":"flatFileAttrs","id":596183,"delimiter":",","textQualifier":"\"","escapeChar":"","headerLineNo":1,"firstDataRow":2},"targetMetadataUpdated":false,"modelVersion":"V3-R600","queryAll":false,"srcSettings":{"@type":"taskDataSourceSetting","isShowLabels":false,"isNaturalOrder":true},"tgtSettings":{"@type":"taskDataSourceSetting","isShowLabels":false,"isNaturalOrder":true},"cfSettings":{"@type":"taskDataSourceSetting","isShowLabels":false,"isNaturalOrder":false},"bulkApi":false,"bulkApiSerialMode":false,"bulkApiMonitor":false,"isTargetObjectSfCustom":false,"allowNullUpdates":false,"targetBatchSize":200,"assignmentRuleId":"-1","assignmentRuleType":"None","createSuccessFile":false,"bulkApiHardDelete":false,"parameterFileEncoding":"UTF-8","sourceObjects":[{"@type":"mObject","name":"QA_OBJECT2_DEPTINFO_SRC","label":"QA_OBJECT2_DEPTINFO_SRC","metadataUpdated":false,"relations":[{"@type":"objectRelation","object1":"QA_OBJECT2_DEPTINFO_SRC","object2":"QA_OBJECT1_EMPINFO_SRC","field1":"DEPTID_DEPT","field2":"DEPTID"}],"children":[]},{"@type":"mObject","name":"QA_OBJECT1_EMPINFO_SRC","label":"QA_OBJECT1_EMPINFO_SRC","metadataUpdated":false,"relations":[],"children":[]}],"advancedFilters":[],"filters":[],"fieldMaps":[{"@type":"fieldMap","id":"19814793","targetField":{"@type":"field","id":110440745,"name":"EMPNAME","type":"nstring","uniqueName":"EMPNAME","label":"EMPNAME","parentObject":"TGT3_MULTOBJ_DEPTEMP.csv","pcType":"UNISTRING","precision":18,"scale":0,"columnIndex":0,"isKey":false,"isExternalId":false,"isSfIdLookup":false,"isNullable":true,"isUnique":false,"isCreateable":false,"isUpdateable":true,"isFilterable":true,"isCalculated":false,"showLabel":false,"naturalOrder":0,"linkedFields":["EMPNAME"],"relatedInfos":[],"references":[]},"expression":"EMPNAME"},{"@type":"fieldMap","id":"19814795","targetField":{"@type":"field","id":110440747,"name":"DEPTNAME","type":"nstring","uniqueName":"DEPTNAME","label":"DEPTNAME","parentObject":"TGT3_MULTOBJ_DEPTEMP.csv","pcType":"UNISTRING","precision":20,"scale":0,"columnIndex":1,"isKey":false,"isExternalId":false,"isSfIdLookup":false,"isNullable":true,"isUnique":false,"isCreateable":false,"isUpdateable":true,"isFilterable":true,"isCalculated":false,"showLabel":false,"naturalOrder":0,"linkedFields":["DEPTNAME"],"relatedInfos":[],"references":[]},"expression":"DEPTNAME"},{"@type":"fieldMap","id":"19814797","targetField":{"@type":"field","id":110440749,"name":"DEPTID_DEPT","type":"number","uniqueName":"DEPTID_DEPT","label":"DEPTID_DEPT","parentObject":"TGT3_MULTOBJ_DEPTEMP.csv","pcType":"HIPRECDECIMAL","precision":10,"scale":0,"columnIndex":2,"isKey":false,"isExternalId":false,"isSfIdLookup":false,"isNullable":true,"isUnique":false,"isCreateable":false,"isUpdateable":true,"isFilterable":true,"isCalculated":false,"showLabel":false,"naturalOrder":0,"linkedFields":["DEPTID_DEPT"],"relatedInfos":[],"references":[]},"expression":"DEPTID_DEPT"},{"@type":"fieldMap","id":"19814799","targetField":{"@type":"field","id":110440751,"name":"COMPID_DEPT","type":"number","uniqueName":"COMPID_DEPT","label":"COMPID_DEPT","parentObject":"TGT3_MULTOBJ_DEPTEMP.csv","pcType":"HIPRECDECIMAL","precision":10,"scale":0,"columnIndex":3,"isKey":false,"isExternalId":false,"isSfIdLookup":false,"isNullable":true,"isUnique":false,"isCreateable":false,"isUpdateable":true,"isFilterable":true,"isCalculated":false,"showLabel":false,"naturalOrder":0,"linkedFields":["COMPID_DEPT"],"relatedInfos":[],"references":[]},"expression":"COMPID_DEPT"},{"@type":"fieldMap","id":"19814801","targetField":{"@type":"field","id":110440753,"name":"STARTDATE","type":"datetime","uniqueName":"STARTDATE","label":"STARTDATE","parentObject":"TGT3_MULTOBJ_DEPTEMP.csv","pcType":"DATE","precision":19,"scale":0,"columnIndex":4,"isKey":false,"isExternalId":false,"isSfIdLookup":false,"isNullable":true,"isUnique":false,"isCreateable":false,"isUpdateable":true,"isFilterable":true,"isCalculated":false,"showLabel":false,"naturalOrder":0,"linkedFields":["STARTDATE"],"relatedInfos":[],"references":[]},"expression":"STARTDATE"},{"@type":"fieldMap","id":"19814803","targetField":{"@type":"field","id":110440755,"name":"DEPTID","type":"number","uniqueName":"DEPTID","label":"DEPTID","parentObject":"TGT3_MULTOBJ_DEPTEMP.csv","pcType":"HIPRECDECIMAL","precision":11,"scale":0,"columnIndex":5,"isKey":false,"isExternalId":false,"isSfIdLookup":false,"isNullable":true,"isUnique":false,"isCreateable":false,"isUpdateable":true,"isFilterable":true,"isCalculated":false,"showLabel":false,"naturalOrder":0,"linkedFields":["DEPTID"],"relatedInfos":[],"references":[]},"expression":"DEPTID"},{"@type":"fieldMap","id":"19814805","targetField":{"@type":"field","id":110440757,"name":"NOOFEMPS","type":"number","uniqueName":"NOOFEMPS","label":"NOOFEMPS","parentObject":"TGT3_MULTOBJ_DEPTEMP.csv","pcType":"HIPRECDECIMAL","precision":10,"scale":0,"columnIndex":6,"isKey":false,"isExternalId":false,"isSfIdLookup":false,"isNullable":true,"isUnique":false,"isCreateable":false,"isUpdateable":true,"isFilterable":true,"isCalculated":false,"showLabel":false,"naturalOrder":0,"linkedFields":["NOOFEMPS"],"relatedInfos":[],"references":[]},"expression":"NOOFEMPS"}],"sourceFields":[{"@type":"field","id":110440759,"name":"DEPTNAME","type":"varchar","uniqueName":"DEPTNAME","label":"DEPTNAME","parentObject":"QA_OBJECT2_DEPTINFO_SRC","pcType":"STRING","precision":20,"scale":0,"columnIndex":0,"isKey":false,"isExternalId":false,"isSfIdLookup":false,"isNullable":true,"isUnique":false,"isCreateable":false,"isUpdateable":true,"isFilterable":true,"isCalculated":false,"showLabel":false,"naturalOrder":0,"linkedFields":["DEPTNAME"],"relatedInfos":[],"references":[]},{"@type":"field","id":110440761,"name":"DEPTID_DEPT","type":"decimal","uniqueName":"DEPTID_DEPT","label":"DEPTID_DEPT","parentObject":"QA_OBJECT2_DEPTINFO_SRC","pcType":"HIPRECDECIMAL","precision":10,"scale":0,"columnIndex":1,"isKey":false,"isExternalId":false,"isSfIdLookup":false,"isNullable":true,"isUnique":false,"isCreateable":false,"isUpdateable":true,"isFilterable":true,"isCalculated":false,"showLabel":false,"naturalOrder":1,"linkedFields":["DEPTID_DEPT"],"relatedInfos":[],"references":[]},{"@type":"field","id":110440763,"name":"COMPID_DEPT","type":"decimal","uniqueName":"COMPID_DEPT","label":"COMPID_DEPT","parentObject":"QA_OBJECT2_DEPTINFO_SRC","pcType":"HIPRECDECIMAL","precision":10,"scale":0,"columnIndex":2,"isKey":false,"isExternalId":false,"isSfIdLookup":false,"isNullable":true,"isUnique":false,"isCreateable":false,"isUpdateable":true,"isFilterable":true,"isCalculated":false,"showLabel":false,"naturalOrder":2,"linkedFields":["COMPID_DEPT"],"relatedInfos":[],"references":[]},{"@type":"field","id":110440765,"name":"NOOFEMPS","type":"decimal","uniqueName":"NOOFEMPS","label":"NOOFEMPS","parentObject":"QA_OBJECT2_DEPTINFO_SRC","pcType":"HIPRECDECIMAL","precision":10,"scale":0,"columnIndex":3,"isKey":false,"isExternalId":false,"isSfIdLookup":false,"isNullable":true,"isUnique":false,"isCreateable":false,"isUpdateable":true,"isFilterable":true,"isCalculated":false,"showLabel":false,"naturalOrder":3,"linkedFields":["NOOFEMPS"],"relatedInfos":[],"references":[]},{"@type":"field","id":110440767,"name":"EMPNAME","type":"varchar","uniqueName":"EMPNAME","label":"EMPNAME","parentObject":"QA_OBJECT1_EMPINFO_SRC","pcType":"STRING","precision":18,"scale":0,"columnIndex":0,"isKey":false,"isExternalId":false,"isSfIdLookup":false,"isNullable":true,"isUnique":false,"isCreateable":false,"isUpdateable":true,"isFilterable":true,"isCalculated":false,"showLabel":false,"naturalOrder":0,"linkedFields":["EMPNAME"],"relatedInfos":[],"references":[]},{"@type":"field","id":110440769,"name":"DEPTID","type":"decimal","uniqueName":"DEPTID","label":"DEPTID","parentObject":"QA_OBJECT1_EMPINFO_SRC","pcType":"HIPRECDECIMAL","precision":11,"scale":0,"columnIndex":1,"isKey":false,"isExternalId":false,"isSfIdLookup":false,"isNullable":true,"isUnique":false,"isCreateable":false,"isUpdateable":true,"isFilterable":true,"isCalculated":false,"showLabel":false,"naturalOrder":1,"linkedFields":["DEPTID"],"relatedInfos":[],"references":[]},{"@type":"field","id":110440771,"name":"ADDRESS","type":"varchar","uniqueName":"ADDRESS","label":"ADDRESS","parentObject":"QA_OBJECT1_EMPINFO_SRC","pcType":"STRING","precision":80,"scale":0,"columnIndex":2,"isKey":false,"isExternalId":false,"isSfIdLookup":false,"isNullable":true,"isUnique":false,"isCreateable":false,"isUpdateable":true,"isFilterable":true,"isCalculated":false,"showLabel":false,"naturalOrder":2,"linkedFields":[],"relatedInfos":[],"references":[]},{"@type":"field","id":110440773,"name":"STARTDATE","type":"timestamp","uniqueName":"STARTDATE","label":"STARTDATE","parentObject":"QA_OBJECT1_EMPINFO_SRC","pcType":"DATE","precision":23,"scale":3,"columnIndex":3,"isKey":false,"isExternalId":false,"isSfIdLookup":false,"isNullable":true,"isUnique":false,"isCreateable":false,"isUpdateable":true,"isFilterable":true,"isCalculated":false,"showLabel":false,"naturalOrder":3,"linkedFields":["STARTDATE"],"relatedInfos":[],"references":[]}],"sortFields":[],"groupFields":[]}]