[{"@type":"workflow","id":"@1","name":"LTF_inlineActionDepen","maxLogs":10,"references":[{"@type":"reference","refObjectId":"@24bQongzGHhcNn4453ZoqH","refType":"mtTask"},{"@type":"reference","refObjectId":"@5UYNbqh6m0peu0fEBImRkT","refType":"dssTask"},{"@type":"reference","refObjectId":"@7jahxAShYs3jDbr0mCHjCq","refType":"drsTask"},{"@type":"reference","refObjectId":"@jx5IFB6lpwRjuxuteuLb4v","refType":"pcsTask"}],"tasks":[{"@type":"workflowTask","taskId":"@24bQongzGHhcNn4453ZoqH","type":"MTT","name":"MCT_inlineActionDepen","stopOnError":false,"stopOnWarning":false},{"@type":"workflowTask","taskId":"@5UYNbqh6m0peu0fEBImRkT","type":"DSS","name":"dss_inlineActionDepen","stopOnError":false,"stopOnWarning":false},{"@type":"workflowTask","taskId":"@7jahxAShYs3jDbr0mCHjCq","type":"DRS","name":"drs_inlineActionDepen","stopOnError":false,"stopOnWarning":false},{"@type":"workflowTask","taskId":"@jx5IFB6lpwRjuxuteuLb4v","type":"PCS","name":"PCS_inlineActionDepen","stopOnError":false,"stopOnWarning":false}]}]