[{"@type":"workflow","id":"@1","name":"LTF_inlineActionDepen","maxLogs":10,"references":[{"@type":"reference","refObjectId":"@aLBcBzwt17VdxnlEOkdpYI","refType":"mtTask"},{"@type":"reference","refObjectId":"@k4gkAEv5U6ihevcb82kRIc","refType":"dssTask"},{"@type":"reference","refObjectId":"@1VFLCKGzVRdlLaffuDqsMl","refType":"drsTask"},{"@type":"reference","refObjectId":"@7X4J7otIQpOfRzpsdqaee7","refType":"pcsTask"}],"tasks":[{"@type":"workflowTask","taskId":"@aLBcBzwt17VdxnlEOkdpYI","type":"MTT","name":"MCT_inlineActionDepen","stopOnError":false,"stopOnWarning":false},{"@type":"workflowTask","taskId":"@k4gkAEv5U6ihevcb82kRIc","type":"DSS","name":"dss_inlineActionDepen","stopOnError":false,"stopOnWarning":false},{"@type":"workflowTask","taskId":"@1VFLCKGzVRdlLaffuDqsMl","type":"DRS","name":"drs_inlineActionDepen","stopOnError":false,"stopOnWarning":false},{"@type":"workflowTask","taskId":"@7X4J7otIQpOfRzpsdqaee7","type":"PCS","name":"PCS_inlineActionDepen","stopOnError":false,"stopOnWarning":false}]}]