[{"@type":"workflow","id":"@1","name":"LTF_inlineActionDepen","maxLogs":10,"references":[{"@type":"reference","refObjectId":"@6jo6rB2fHxlcpEk9osnmaC","refType":"mtTask"},{"@type":"reference","refObjectId":"@8AgLb4MQkMufXyJqwcpi6Q","refType":"dssTask"},{"@type":"reference","refObjectId":"@5ZzMjR77TEgiQuvr0r4CWi","refType":"drsTask"},{"@type":"reference","refObjectId":"@fkPJzaTunu5cyhBwPc1rAg","refType":"pcsTask"}],"tasks":[{"@type":"workflowTask","taskId":"@6jo6rB2fHxlcpEk9osnmaC","type":"MTT","name":"MCT_inlineActionDepen","stopOnError":false,"stopOnWarning":false},{"@type":"workflowTask","taskId":"@8AgLb4MQkMufXyJqwcpi6Q","type":"DSS","name":"dss_inlineActionDepen","stopOnError":false,"stopOnWarning":false},{"@type":"workflowTask","taskId":"@5ZzMjR77TEgiQuvr0r4CWi","type":"DRS","name":"drs_inlineActionDepen","stopOnError":false,"stopOnWarning":false},{"@type":"workflowTask","taskId":"@fkPJzaTunu5cyhBwPc1rAg","type":"PCS","name":"PCS_inlineActionDepen","stopOnError":false,"stopOnWarning":false}]}]