[{"@type":"workflow","id":"@1","name":"LTF_inlineActionDepen","maxLogs":10,"references":[{"@type":"reference","refObjectId":"@4wr6YwO9FCugUoqwxIyTUU","refType":"mtTask"},{"@type":"reference","refObjectId":"@epGdJXc4hEWh6h9yp2WNGt","refType":"dssTask"},{"@type":"reference","refObjectId":"@iVLbMpcYqSZlSDfRXAuruC","refType":"drsTask"},{"@type":"reference","refObjectId":"@iDWn2TZ4F8egEw8v5cVcgy","refType":"pcsTask"}],"tasks":[{"@type":"workflowTask","taskId":"@4wr6YwO9FCugUoqwxIyTUU","type":"MTT","name":"MCT_inlineActionDepen","stopOnError":false,"stopOnWarning":false},{"@type":"workflowTask","taskId":"@epGdJXc4hEWh6h9yp2WNGt","type":"DSS","name":"dss_inlineActionDepen","stopOnError":false,"stopOnWarning":false},{"@type":"workflowTask","taskId":"@iVLbMpcYqSZlSDfRXAuruC","type":"DRS","name":"drs_inlineActionDepen","stopOnError":false,"stopOnWarning":false},{"@type":"workflowTask","taskId":"@iDWn2TZ4F8egEw8v5cVcgy","type":"PCS","name":"PCS_inlineActionDepen","stopOnError":false,"stopOnWarning":false}]}]