[{"@type":"workflow","id":"@1","name":"LTF_inlineActionDepen","maxLogs":10,"references":[{"@type":"reference","refObjectId":"@9PcGXd55NBVceZXbkRsLYZ","refType":"mtTask"},{"@type":"reference","refObjectId":"@61agVnN0e20lv02JnEgNGk","refType":"dssTask"},{"@type":"reference","refObjectId":"@dAOOYTSh4secxXrUK6Fr8Q","refType":"drsTask"},{"@type":"reference","refObjectId":"@1nYxmpi5IYVi4SNyDmlle8","refType":"pcsTask"}],"tasks":[{"@type":"workflowTask","taskId":"@9PcGXd55NBVceZXbkRsLYZ","type":"MTT","name":"MCT_inlineActionDepen","stopOnError":false,"stopOnWarning":false},{"@type":"workflowTask","taskId":"@61agVnN0e20lv02JnEgNGk","type":"DSS","name":"dss_inlineActionDepen","stopOnError":false,"stopOnWarning":false},{"@type":"workflowTask","taskId":"@dAOOYTSh4secxXrUK6Fr8Q","type":"DRS","name":"drs_inlineActionDepen","stopOnError":false,"stopOnWarning":false},{"@type":"workflowTask","taskId":"@1nYxmpi5IYVi4SNyDmlle8","type":"PCS","name":"PCS_inlineActionDepen","stopOnError":false,"stopOnWarning":false}]}]