[{"@type":"workflow","id":"@1","name":"LTF_inlineActionDepen","maxLogs":10,"references":[{"@type":"reference","refObjectId":"@0aghaDs9qqPlwlhe10Icwa","refType":"mtTask"},{"@type":"reference","refObjectId":"@anrnKjYf0UCff0mMoQiWex","refType":"dssTask"},{"@type":"reference","refObjectId":"@4r3Zz3d4LfFl3BV1CWp2Iu","refType":"drsTask"},{"@type":"reference","refObjectId":"@1TxQEYXSwWrjKS1Uwohu8B","refType":"pcsTask"}],"tasks":[{"@type":"workflowTask","taskId":"@0aghaDs9qqPlwlhe10Icwa","type":"MTT","name":"MCT_inlineActionDepen","stopOnError":false,"stopOnWarning":false},{"@type":"workflowTask","taskId":"@anrnKjYf0UCff0mMoQiWex","type":"DSS","name":"dss_inlineActionDepen","stopOnError":false,"stopOnWarning":false},{"@type":"workflowTask","taskId":"@4r3Zz3d4LfFl3BV1CWp2Iu","type":"DRS","name":"drs_inlineActionDepen","stopOnError":false,"stopOnWarning":false},{"@type":"workflowTask","taskId":"@1TxQEYXSwWrjKS1Uwohu8B","type":"PCS","name":"PCS_inlineActionDepen","stopOnError":false,"stopOnWarning":false}]}]