[{"@type":"mappingTemplate","id":"@1","name":"cmd_java_podcert","description":"All Dt source,passive java tx with simple java code and single output field and some pass through fields. (Default state)                                                                \nAdvanced properties state: Ouput Deterministic: enabled, Optional: enabled, Tracing Level : Normal,High precision :disabled Use nanao secs: disabled , classpath: empty","bundleVersion":"0","templateId":"@3","deployTime":1570223710000,"hasParameters":false,"valid":true,"fixedConnection":true,"hasParametersDeployed":false,"fixedConnectionDeployed":true,"tasks":1,"mappingPreviewFileRecordId":"@2","references":[{"@type":"reference","refObjectId":"@0sivECQJrA3fzV8ScJp6Yj","refType":"connection"},{"@type":"reference","refObjectId":"@epWX5qXr4GNfuGyuJxDAkt","refType":"connection"}]}]