[{"@type":"drsTask","id":"@1","name":"MultiUnlink2_DRS","maxLogs":10,"sourceConnectionId":"@gzoP0ytXIKKemAU7mbzRG7","targetConnectionId":"@7TMMLteWNw4hQdefeLwGux","tablePrefix":"SF_out4232","verbose":false,"fullRefresh":true,"replicateAllObjects":true,"removeDeleted":true,"queryAll":false,"srcShowLabels":false,"maxRows":0,"stopOnError":true,"replicationObjects":[],"excludedReplicationObjects":[],"majorUpdateTime":1585946823000,"metadataMode":0,"bulkApi":false,"base64BodySize":0.0,"bulkApiDBTarget":false,"fieldExclusions":[],"filters":[],"advancedFilters":[],"srcRuntimeAttrs":{"@type":"taskRuntimeAttrs","attrs":{}}}]