[{"@type":"dssTask","id":"@1","name":"VCS_UI_Multi_Asset_DSS","description":"","maxLogs":10,"sourceConnectionId":"@epWX5qXr4GNfuGyuJxDAkt","targetConnectionId":"@0sivECQJrA3fzV8ScJp6Yj","targetObject":"PC_DSS_AUTO_ALL_DT_2012_1.csv","operation":"Insert","maxRows":0,"truncateTarget":false,"bulkApiDBTarget":false,"verbose":false,"tgtFlatFileAttrs":{"@type":"flatFileAttrs","id":735717,"delimiter":",","textQualifier":"\"","escapeChar":"","headerLineNo":1,"firstDataRow":2},"targetMetadataUpdated":false,"modelVersion":"V3-R600","queryAll":false,"srcSettings":{"@type":"taskDataSourceSetting","isShowLabels":false,"isNaturalOrder":true},"tgtSettings":{"@type":"taskDataSourceSetting","isShowLabels":false,"isNaturalOrder":true},"cfSettings":{"@type":"taskDataSourceSetting","isShowLabels":false,"isNaturalOrder":true},"bulkApi":false,"bulkApiSerialMode":false,"bulkApiMonitor":false,"isTargetObjectSfCustom":false,"allowNullUpdates":false,"targetBatchSize":200,"assignmentRuleId":"-1","assignmentRuleType":"None","createSuccessFile":false,"bulkApiHardDelete":false,"srcRuntimeAttrs":{"@type":"taskRuntimeAttrs","attrs":{}},"tgtRuntimeAttrs":{"@type":"taskRuntimeAttrs","attrs":{}},"parameterFileEncoding":"UTF-8","sourceObjects":[{"@type":"mObject","name":"PC_DSS_AUTO_ALL_DT_2012","label":"PC_DSS_AUTO_ALL_DT_2012","metadataUpdated":false,"relations":[],"children":[]}],"advancedFilters":[],"filters":[],"fieldMaps":[{"@type":"fieldMap","id":"18760779","targetField":{"@type":"field","id":107317989,"name":"F1_STRING","type":"nstring","uniqueName":"F1_STRING","label":"F1_STRING","parentObject":"PC_DSS_AUTO_ALL_DT_2012_1.csv","pcType":"UNISTRING","precision":100,"scale":0,"columnIndex":0,"isKey":false,"isExternalId":false,"isSfIdLookup":false,"isNullable":true,"isUnique":false,"isCreateable":false,"isUpdateable":true,"isFilterable":true,"isCalculated":false,"showLabel":false,"naturalOrder":0,"linkedFields":["F1_STRING"],"relatedInfos":[],"references":[]},"expression":"F1_STRING"},{"@type":"fieldMap","id":"18760781","targetField":{"@type":"field","id":107317991,"name":"F2_STRING","type":"nstring","uniqueName":"F2_STRING","label":"F2_STRING","parentObject":"PC_DSS_AUTO_ALL_DT_2012_1.csv","pcType":"UNISTRING","precision":40,"scale":0,"columnIndex":1,"isKey":false,"isExternalId":false,"isSfIdLookup":false,"isNullable":true,"isUnique":false,"isCreateable":false,"isUpdateable":true,"isFilterable":true,"isCalculated":false,"showLabel":false,"naturalOrder":0,"linkedFields":["F2_STRING"],"relatedInfos":[],"references":[]},"expression":"F2_STRING"},{"@type":"fieldMap","id":"18760783","targetField":{"@type":"field","id":107317993,"name":"F3_STRING","type":"nstring","uniqueName":"F3_STRING","label":"F3_STRING","parentObject":"PC_DSS_AUTO_ALL_DT_2012_1.csv","pcType":"UNISTRING","precision":50,"scale":0,"columnIndex":2,"isKey":false,"isExternalId":false,"isSfIdLookup":false,"isNullable":true,"isUnique":false,"isCreateable":false,"isUpdateable":true,"isFilterable":true,"isCalculated":false,"showLabel":false,"naturalOrder":0,"linkedFields":["F3_STRING"],"relatedInfos":[],"references":[]},"expression":"F3_STRING"},{"@type":"fieldMap","id":"18760785","targetField":{"@type":"field","id":107317995,"name":"F4_STRING","type":"nstring","uniqueName":"F4_STRING","label":"F4_STRING","parentObject":"PC_DSS_AUTO_ALL_DT_2012_1.csv","pcType":"UNISTRING","precision":32000,"scale":0,"columnIndex":3,"isKey":false,"isExternalId":false,"isSfIdLookup":false,"isNullable":true,"isUnique":false,"isCreateable":false,"isUpdateable":true,"isFilterable":true,"isCalculated":false,"showLabel":false,"naturalOrder":0,"linkedFields":["F4_STRING"],"relatedInfos":[],"references":[]},"expression":"F4_STRING"},{"@type":"fieldMap","id":"18760787","targetField":{"@type":"field","id":107317997,"name":"F5_STRING","type":"nstring","uniqueName":"F5_STRING","label":"F5_STRING","parentObject":"PC_DSS_AUTO_ALL_DT_2012_1.csv","pcType":"UNISTRING","precision":50,"scale":0,"columnIndex":4,"isKey":false,"isExternalId":false,"isSfIdLookup":false,"isNullable":true,"isUnique":false,"isCreateable":false,"isUpdateable":true,"isFilterable":true,"isCalculated":false,"showLabel":false,"naturalOrder":0,"linkedFields":["F5_STRING"],"relatedInfos":[],"references":[]},"expression":"F5_STRING"},{"@type":"fieldMap","id":"18760789","targetField":{"@type":"field","id":107317999,"name":"F6_STRING","type":"nstring","uniqueName":"F6_STRING","label":"F6_STRING","parentObject":"PC_DSS_AUTO_ALL_DT_2012_1.csv","pcType":"UNISTRING","precision":40,"scale":0,"columnIndex":5,"isKey":false,"isExternalId":false,"isSfIdLookup":false,"isNullable":true,"isUnique":false,"isCreateable":false,"isUpdateable":true,"isFilterable":true,"isCalculated":false,"showLabel":false,"naturalOrder":0,"linkedFields":["F6_STRING"],"relatedInfos":[],"references":[]},"expression":"F6_STRING"},{"@type":"fieldMap","id":"18760791","targetField":{"@type":"field","id":107318001,"name":"F7_STRING","type":"nstring","uniqueName":"F7_STRING","label":"F7_STRING","parentObject":"PC_DSS_AUTO_ALL_DT_2012_1.csv","pcType":"UNISTRING","precision":40,"scale":0,"columnIndex":6,"isKey":false,"isExternalId":false,"isSfIdLookup":false,"isNullable":true,"isUnique":false,"isCreateable":false,"isUpdateable":true,"isFilterable":true,"isCalculated":false,"showLabel":false,"naturalOrder":0,"linkedFields":["F7_STRING"],"relatedInfos":[],"references":[]},"expression":"F7_STRING"},{"@type":"fieldMap","id":"18760793","targetField":{"@type":"field","id":107318003,"name":"F8_STRING","type":"nstring","uniqueName":"F8_STRING","label":"F8_STRING","parentObject":"PC_DSS_AUTO_ALL_DT_2012_1.csv","pcType":"UNISTRING","precision":40,"scale":0,"columnIndex":7,"isKey":false,"isExternalId":false,"isSfIdLookup":false,"isNullable":true,"isUnique":false,"isCreateable":false,"isUpdateable":true,"isFilterable":true,"isCalculated":false,"showLabel":false,"naturalOrder":0,"linkedFields":["F8_STRING"],"relatedInfos":[],"references":[]},"expression":"F8_STRING"},{"@type":"fieldMap","id":"18760795","targetField":{"@type":"field","id":107318005,"name":"F1_INT","type":"bigint","uniqueName":"F1_INT","label":"F1_INT","parentObject":"PC_DSS_AUTO_ALL_DT_2012_1.csv","pcType":"INT","precision":19,"scale":0,"columnIndex":8,"isKey":false,"isExternalId":false,"isSfIdLookup":false,"isNullable":true,"isUnique":false,"isCreateable":false,"isUpdateable":true,"isFilterable":true,"isCalculated":false,"showLabel":false,"naturalOrder":0,"linkedFields":["F1_INT"],"relatedInfos":[],"references":[]},"expression":"F1_INT"},{"@type":"fieldMap","id":"18760797","targetField":{"@type":"field","id":107318007,"name":"F2_INT","type":"int","uniqueName":"F2_INT","label":"F2_INT","parentObject":"PC_DSS_AUTO_ALL_DT_2012_1.csv","pcType":"INT","precision":10,"scale":0,"columnIndex":9,"isKey":false,"isExternalId":false,"isSfIdLookup":false,"isNullable":true,"isUnique":false,"isCreateable":false,"isUpdateable":true,"isFilterable":true,"isCalculated":false,"showLabel":false,"naturalOrder":0,"linkedFields":["F2_INT"],"relatedInfos":[],"references":[]},"expression":"F2_INT"},{"@type":"fieldMap","id":"18760799","targetField":{"@type":"field","id":107318009,"name":"F3_INT","type":"int","uniqueName":"F3_INT","label":"F3_INT","parentObject":"PC_DSS_AUTO_ALL_DT_2012_1.csv","pcType":"INT","precision":10,"scale":0,"columnIndex":10,"isKey":false,"isExternalId":false,"isSfIdLookup":false,"isNullable":true,"isUnique":false,"isCreateable":false,"isUpdateable":true,"isFilterable":true,"isCalculated":false,"showLabel":false,"naturalOrder":0,"linkedFields":["F3_INT"],"relatedInfos":[],"references":[]},"expression":"F3_INT"},{"@type":"fieldMap","id":"18760801","targetField":{"@type":"field","id":107318011,"name":"F4_INT","type":"int","uniqueName":"F4_INT","label":"F4_INT","parentObject":"PC_DSS_AUTO_ALL_DT_2012_1.csv","pcType":"INT","precision":10,"scale":0,"columnIndex":11,"isKey":false,"isExternalId":false,"isSfIdLookup":false,"isNullable":true,"isUnique":false,"isCreateable":false,"isUpdateable":true,"isFilterable":true,"isCalculated":false,"showLabel":false,"naturalOrder":0,"linkedFields":["F4_INT"],"relatedInfos":[],"references":[]},"expression":"F4_INT"},{"@type":"fieldMap","id":"18760803","targetField":{"@type":"field","id":107318013,"name":"F5_INT","type":"int","uniqueName":"F5_INT","label":"F5_INT","parentObject":"PC_DSS_AUTO_ALL_DT_2012_1.csv","pcType":"INT","precision":10,"scale":0,"columnIndex":12,"isKey":false,"isExternalId":false,"isSfIdLookup":false,"isNullable":true,"isUnique":false,"isCreateable":false,"isUpdateable":true,"isFilterable":true,"isCalculated":false,"showLabel":false,"naturalOrder":0,"linkedFields":["F5_INT"],"relatedInfos":[],"references":[]},"expression":"F5_INT"},{"@type":"fieldMap","id":"18760805","targetField":{"@type":"field","id":107318015,"name":"F1_BOOLEAN","type":"int","uniqueName":"F1_BOOLEAN","label":"F1_BOOLEAN","parentObject":"PC_DSS_AUTO_ALL_DT_2012_1.csv","pcType":"INT","precision":10,"scale":0,"columnIndex":13,"isKey":false,"isExternalId":false,"isSfIdLookup":false,"isNullable":true,"isUnique":false,"isCreateable":false,"isUpdateable":true,"isFilterable":true,"isCalculated":false,"showLabel":false,"naturalOrder":0,"linkedFields":["F1_BOOLEAN"],"relatedInfos":[],"references":[]},"expression":"F1_BOOLEAN"},{"@type":"fieldMap","id":"18760807","targetField":{"@type":"field","id":107318017,"name":"F2_BOOLEAN","type":"int","uniqueName":"F2_BOOLEAN","label":"F2_BOOLEAN","parentObject":"PC_DSS_AUTO_ALL_DT_2012_1.csv","pcType":"INT","precision":10,"scale":0,"columnIndex":14,"isKey":false,"isExternalId":false,"isSfIdLookup":false,"isNullable":true,"isUnique":false,"isCreateable":false,"isUpdateable":true,"isFilterable":true,"isCalculated":false,"showLabel":false,"naturalOrder":0,"linkedFields":["F2_BOOLEAN"],"relatedInfos":[],"references":[]},"expression":"F2_BOOLEAN"},{"@type":"fieldMap","id":"18760809","targetField":{"@type":"field","id":107318019,"name":"F1_NUMBER","type":"number","uniqueName":"F1_NUMBER","label":"F1_NUMBER","parentObject":"PC_DSS_AUTO_ALL_DT_2012_1.csv","pcType":"HIPRECDECIMAL","precision":18,"scale":0,"columnIndex":15,"isKey":false,"isExternalId":false,"isSfIdLookup":false,"isNullable":true,"isUnique":false,"isCreateable":false,"isUpdateable":true,"isFilterable":true,"isCalculated":false,"showLabel":false,"naturalOrder":0,"linkedFields":["F1_NUMBER"],"relatedInfos":[],"references":[]},"expression":"F1_NUMBER"},{"@type":"fieldMap","id":"18760811","targetField":{"@type":"field","id":107318021,"name":"F2_NUMBER","type":"double","uniqueName":"F2_NUMBER","label":"F2_NUMBER","parentObject":"PC_DSS_AUTO_ALL_DT_2012_1.csv","pcType":"FLOAT","precision":15,"scale":0,"columnIndex":16,"isKey":false,"isExternalId":false,"isSfIdLookup":false,"isNullable":true,"isUnique":false,"isCreateable":false,"isUpdateable":true,"isFilterable":true,"isCalculated":false,"showLabel":false,"naturalOrder":0,"linkedFields":["F2_NUMBER"],"relatedInfos":[],"references":[]},"expression":"F2_NUMBER"},{"@type":"fieldMap","id":"18760813","targetField":{"@type":"field","id":107318023,"name":"F3_NUMBER","type":"number","uniqueName":"F3_NUMBER","label":"F3_NUMBER","parentObject":"PC_DSS_AUTO_ALL_DT_2012_1.csv","pcType":"HIPRECDECIMAL","precision":19,"scale":4,"columnIndex":17,"isKey":false,"isExternalId":false,"isSfIdLookup":false,"isNullable":true,"isUnique":false,"isCreateable":false,"isUpdateable":true,"isFilterable":true,"isCalculated":false,"showLabel":false,"naturalOrder":0,"linkedFields":["F3_NUMBER"],"relatedInfos":[],"references":[]},"expression":"F3_NUMBER"},{"@type":"fieldMap","id":"18760815","targetField":{"@type":"field","id":107318025,"name":"F4_NUMBER","type":"number","uniqueName":"F4_NUMBER","label":"F4_NUMBER","parentObject":"PC_DSS_AUTO_ALL_DT_2012_1.csv","pcType":"HIPRECDECIMAL","precision":18,"scale":0,"columnIndex":18,"isKey":false,"isExternalId":false,"isSfIdLookup":false,"isNullable":true,"isUnique":false,"isCreateable":false,"isUpdateable":true,"isFilterable":true,"isCalculated":false,"showLabel":false,"naturalOrder":0,"linkedFields":["F4_NUMBER"],"relatedInfos":[],"references":[]},"expression":"F4_NUMBER"},{"@type":"fieldMap","id":"18760817","targetField":{"@type":"field","id":107318027,"name":"F5_NUMBER","type":"number","uniqueName":"F5_NUMBER","label":"F5_NUMBER","parentObject":"PC_DSS_AUTO_ALL_DT_2012_1.csv","pcType":"HIPRECDECIMAL","precision":7,"scale":0,"columnIndex":19,"isKey":false,"isExternalId":false,"isSfIdLookup":false,"isNullable":true,"isUnique":false,"isCreateable":false,"isUpdateable":true,"isFilterable":true,"isCalculated":false,"showLabel":false,"naturalOrder":0,"linkedFields":["F5_NUMBER"],"relatedInfos":[],"references":[]},"expression":"F5_NUMBER"},{"@type":"fieldMap","id":"18760819","targetField":{"@type":"field","id":107318029,"name":"F6_NUMBER","type":"number","uniqueName":"F6_NUMBER","label":"F6_NUMBER","parentObject":"PC_DSS_AUTO_ALL_DT_2012_1.csv","pcType":"HIPRECDECIMAL","precision":10,"scale":4,"columnIndex":20,"isKey":false,"isExternalId":false,"isSfIdLookup":false,"isNullable":true,"isUnique":false,"isCreateable":false,"isUpdateable":true,"isFilterable":true,"isCalculated":false,"showLabel":false,"naturalOrder":0,"linkedFields":["F6_NUMBER"],"relatedInfos":[],"references":[]},"expression":"F6_NUMBER"},{"@type":"fieldMap","id":"18760821","targetField":{"@type":"field","id":107318031,"name":"F7_NUMBER","type":"number","uniqueName":"F7_NUMBER","label":"F7_NUMBER","parentObject":"PC_DSS_AUTO_ALL_DT_2012_1.csv","pcType":"HIPRECDECIMAL","precision":18,"scale":0,"columnIndex":21,"isKey":false,"isExternalId":false,"isSfIdLookup":false,"isNullable":true,"isUnique":false,"isCreateable":false,"isUpdateable":true,"isFilterable":true,"isCalculated":false,"showLabel":false,"naturalOrder":0,"linkedFields":["F7_NUMBER"],"relatedInfos":[],"references":[]},"expression":"F7_NUMBER"},{"@type":"fieldMap","id":"18760823","targetField":{"@type":"field","id":107318033,"name":"F8_NUMBER","type":"number","uniqueName":"F8_NUMBER","label":"F8_NUMBER","parentObject":"PC_DSS_AUTO_ALL_DT_2012_1.csv","pcType":"HIPRECDECIMAL","precision":18,"scale":0,"columnIndex":22,"isKey":false,"isExternalId":false,"isSfIdLookup":false,"isNullable":true,"isUnique":false,"isCreateable":false,"isUpdateable":true,"isFilterable":true,"isCalculated":false,"showLabel":false,"naturalOrder":0,"linkedFields":["F8_NUMBER"],"relatedInfos":[],"references":[]},"expression":"F8_NUMBER"},{"@type":"fieldMap","id":"18760825","targetField":{"@type":"field","id":107318035,"name":"F1_DATE","type":"datetime","uniqueName":"F1_DATE","label":"F1_DATE","parentObject":"PC_DSS_AUTO_ALL_DT_2012_1.csv","pcType":"DATE","precision":19,"scale":0,"columnIndex":23,"isKey":false,"isExternalId":false,"isSfIdLookup":false,"isNullable":true,"isUnique":false,"isCreateable":false,"isUpdateable":true,"isFilterable":true,"isCalculated":false,"showLabel":false,"naturalOrder":0,"linkedFields":["F1_DATE"],"relatedInfos":[],"references":[]},"expression":"F1_DATE"},{"@type":"fieldMap","id":"18760827","targetField":{"@type":"field","id":107318037,"name":"F2_DATE","type":"datetime","uniqueName":"F2_DATE","label":"F2_DATE","parentObject":"PC_DSS_AUTO_ALL_DT_2012_1.csv","pcType":"DATE","precision":19,"scale":0,"columnIndex":24,"isKey":false,"isExternalId":false,"isSfIdLookup":false,"isNullable":true,"isUnique":false,"isCreateable":false,"isUpdateable":true,"isFilterable":true,"isCalculated":false,"showLabel":false,"naturalOrder":0,"linkedFields":["F2_DATE"],"relatedInfos":[],"references":[]},"expression":"F2_DATE"},{"@type":"fieldMap","id":"18760829","targetField":{"@type":"field","id":107318039,"name":"F3_DATE","type":"datetime","uniqueName":"F3_DATE","label":"F3_DATE","parentObject":"PC_DSS_AUTO_ALL_DT_2012_1.csv","pcType":"DATE","precision":19,"scale":0,"columnIndex":25,"isKey":false,"isExternalId":false,"isSfIdLookup":false,"isNullable":true,"isUnique":false,"isCreateable":false,"isUpdateable":true,"isFilterable":true,"isCalculated":false,"showLabel":false,"naturalOrder":0,"linkedFields":["F3_DATE"],"relatedInfos":[],"references":[]},"expression":"F3_DATE"},{"@type":"fieldMap","id":"18760831","targetField":{"@type":"field","id":107318041,"name":"F4_DATE","type":"datetime","uniqueName":"F4_DATE","label":"F4_DATE","parentObject":"PC_DSS_AUTO_ALL_DT_2012_1.csv","pcType":"DATE","precision":19,"scale":0,"columnIndex":26,"isKey":false,"isExternalId":false,"isSfIdLookup":false,"isNullable":true,"isUnique":false,"isCreateable":false,"isUpdateable":true,"isFilterable":true,"isCalculated":false,"showLabel":false,"naturalOrder":0,"linkedFields":["F4_DATE"],"relatedInfos":[],"references":[]},"expression":"F4_DATE"},{"@type":"fieldMap","id":"18760833","targetField":{"@type":"field","id":107318043,"name":"F5_DATE","type":"datetime","uniqueName":"F5_DATE","label":"F5_DATE","parentObject":"PC_DSS_AUTO_ALL_DT_2012_1.csv","pcType":"DATE","precision":19,"scale":0,"columnIndex":27,"isKey":false,"isExternalId":false,"isSfIdLookup":false,"isNullable":true,"isUnique":false,"isCreateable":false,"isUpdateable":true,"isFilterable":true,"isCalculated":false,"showLabel":false,"naturalOrder":0,"linkedFields":["F5_DATE"],"relatedInfos":[],"references":[]},"expression":"F5_DATE"},{"@type":"fieldMap","id":"18760835","targetField":{"@type":"field","id":107318045,"name":"F6_DATE","type":"datetime","uniqueName":"F6_DATE","label":"F6_DATE","parentObject":"PC_DSS_AUTO_ALL_DT_2012_1.csv","pcType":"DATE","precision":19,"scale":0,"columnIndex":28,"isKey":false,"isExternalId":false,"isSfIdLookup":false,"isNullable":true,"isUnique":false,"isCreateable":false,"isUpdateable":true,"isFilterable":true,"isCalculated":false,"showLabel":false,"naturalOrder":0,"linkedFields":["F6_DATE"],"relatedInfos":[],"references":[]},"expression":"F6_DATE"}],"sourceFields":[{"@type":"field","id":107318047,"name":"F1_STRING","type":"varchar","uniqueName":"F1_STRING","label":"F1_STRING","parentObject":"PC_DSS_AUTO_ALL_DT_2012","pcType":"STRING","precision":100,"scale":0,"columnIndex":0,"isKey":false,"isExternalId":false,"isSfIdLookup":false,"isNullable":false,"isUnique":false,"isCreateable":false,"isUpdateable":true,"isFilterable":true,"isCalculated":false,"showLabel":false,"naturalOrder":0,"linkedFields":["F1_STRING"],"relatedInfos":[],"references":[]},{"@type":"field","id":107318049,"name":"F2_STRING","type":"varchar","uniqueName":"F2_STRING","label":"F2_STRING","parentObject":"PC_DSS_AUTO_ALL_DT_2012","pcType":"STRING","precision":40,"scale":0,"columnIndex":1,"isKey":false,"isExternalId":false,"isSfIdLookup":false,"isNullable":true,"isUnique":false,"isCreateable":false,"isUpdateable":true,"isFilterable":true,"isCalculated":false,"showLabel":false,"naturalOrder":1,"linkedFields":["F2_STRING"],"relatedInfos":[],"references":[]},{"@type":"field","id":107318051,"name":"F3_STRING","type":"char","uniqueName":"F3_STRING","label":"F3_STRING","parentObject":"PC_DSS_AUTO_ALL_DT_2012","pcType":"STRING","precision":50,"scale":0,"columnIndex":2,"isKey":false,"isExternalId":false,"isSfIdLookup":false,"isNullable":true,"isUnique":false,"isCreateable":false,"isUpdateable":true,"isFilterable":true,"isCalculated":false,"showLabel":false,"naturalOrder":2,"linkedFields":["F3_STRING"],"relatedInfos":[],"references":[]},{"@type":"field","id":107318053,"name":"F4_STRING","type":"text","uniqueName":"F4_STRING","label":"F4_STRING","parentObject":"PC_DSS_AUTO_ALL_DT_2012","pcType":"STRING","precision":32000,"scale":0,"columnIndex":3,"isKey":false,"isExternalId":false,"isSfIdLookup":false,"isNullable":true,"isUnique":false,"isCreateable":false,"isUpdateable":true,"isFilterable":true,"isCalculated":false,"showLabel":false,"naturalOrder":3,"linkedFields":["F4_STRING"],"relatedInfos":[],"references":[]},{"@type":"field","id":107318055,"name":"F5_STRING","type":"varchar","uniqueName":"F5_STRING","label":"F5_STRING","parentObject":"PC_DSS_AUTO_ALL_DT_2012","pcType":"STRING","precision":50,"scale":0,"columnIndex":4,"isKey":false,"isExternalId":false,"isSfIdLookup":false,"isNullable":true,"isUnique":false,"isCreateable":false,"isUpdateable":true,"isFilterable":true,"isCalculated":false,"showLabel":false,"naturalOrder":4,"linkedFields":["F5_STRING"],"relatedInfos":[],"references":[]},{"@type":"field","id":107318057,"name":"F6_STRING","type":"varchar","uniqueName":"F6_STRING","label":"F6_STRING","parentObject":"PC_DSS_AUTO_ALL_DT_2012","pcType":"STRING","precision":40,"scale":0,"columnIndex":5,"isKey":false,"isExternalId":false,"isSfIdLookup":false,"isNullable":true,"isUnique":false,"isCreateable":false,"isUpdateable":true,"isFilterable":true,"isCalculated":false,"showLabel":false,"naturalOrder":5,"linkedFields":["F6_STRING"],"relatedInfos":[],"references":[]},{"@type":"field","id":107318059,"name":"F7_STRING","type":"varchar","uniqueName":"F7_STRING","label":"F7_STRING","parentObject":"PC_DSS_AUTO_ALL_DT_2012","pcType":"STRING","precision":40,"scale":0,"columnIndex":6,"isKey":false,"isExternalId":false,"isSfIdLookup":false,"isNullable":true,"isUnique":false,"isCreateable":false,"isUpdateable":true,"isFilterable":true,"isCalculated":false,"showLabel":false,"naturalOrder":6,"linkedFields":["F7_STRING"],"relatedInfos":[],"references":[]},{"@type":"field","id":107318061,"name":"F8_STRING","type":"varchar","uniqueName":"F8_STRING","label":"F8_STRING","parentObject":"PC_DSS_AUTO_ALL_DT_2012","pcType":"STRING","precision":40,"scale":0,"columnIndex":7,"isKey":false,"isExternalId":false,"isSfIdLookup":false,"isNullable":true,"isUnique":false,"isCreateable":false,"isUpdateable":true,"isFilterable":true,"isCalculated":false,"showLabel":false,"naturalOrder":7,"linkedFields":["F8_STRING"],"relatedInfos":[],"references":[]},{"@type":"field","id":107318063,"name":"F1_INT","type":"bigint","uniqueName":"F1_INT","label":"F1_INT","parentObject":"PC_DSS_AUTO_ALL_DT_2012","pcType":"INT","precision":19,"scale":0,"columnIndex":8,"isKey":false,"isExternalId":false,"isSfIdLookup":false,"isNullable":true,"isUnique":false,"isCreateable":false,"isUpdateable":true,"isFilterable":true,"isCalculated":false,"showLabel":false,"naturalOrder":8,"linkedFields":["F1_INT"],"relatedInfos":[],"references":[]},{"@type":"field","id":107318065,"name":"F2_INT","type":"integer","uniqueName":"F2_INT","label":"F2_INT","parentObject":"PC_DSS_AUTO_ALL_DT_2012","pcType":"INT","precision":10,"scale":0,"columnIndex":9,"isKey":false,"isExternalId":false,"isSfIdLookup":false,"isNullable":true,"isUnique":false,"isCreateable":false,"isUpdateable":true,"isFilterable":true,"isCalculated":false,"showLabel":false,"naturalOrder":9,"linkedFields":["F2_INT"],"relatedInfos":[],"references":[]},{"@type":"field","id":107318067,"name":"F3_INT","type":"smallint","uniqueName":"F3_INT","label":"F3_INT","parentObject":"PC_DSS_AUTO_ALL_DT_2012","pcType":"INT","precision":5,"scale":0,"columnIndex":10,"isKey":false,"isExternalId":false,"isSfIdLookup":false,"isNullable":true,"isUnique":false,"isCreateable":false,"isUpdateable":true,"isFilterable":true,"isCalculated":false,"showLabel":false,"naturalOrder":10,"linkedFields":["F3_INT"],"relatedInfos":[],"references":[]},{"@type":"field","id":107318069,"name":"F4_INT","type":"tinyint","uniqueName":"F4_INT","label":"F4_INT","parentObject":"PC_DSS_AUTO_ALL_DT_2012","pcType":"INT","precision":3,"scale":0,"columnIndex":11,"isKey":false,"isExternalId":false,"isSfIdLookup":false,"isNullable":true,"isUnique":false,"isCreateable":false,"isUpdateable":true,"isFilterable":true,"isCalculated":false,"showLabel":false,"naturalOrder":11,"linkedFields":["F4_INT"],"relatedInfos":[],"references":[]},{"@type":"field","id":107318071,"name":"F5_INT","type":"integer","uniqueName":"F5_INT","label":"F5_INT","parentObject":"PC_DSS_AUTO_ALL_DT_2012","pcType":"INT","precision":10,"scale":0,"columnIndex":12,"isKey":false,"isExternalId":false,"isSfIdLookup":false,"isNullable":true,"isUnique":false,"isCreateable":false,"isUpdateable":true,"isFilterable":true,"isCalculated":false,"showLabel":false,"naturalOrder":12,"linkedFields":["F5_INT"],"relatedInfos":[],"references":[]},{"@type":"field","id":107318073,"name":"F1_BOOLEAN","type":"integer","uniqueName":"F1_BOOLEAN","label":"F1_BOOLEAN","parentObject":"PC_DSS_AUTO_ALL_DT_2012","pcType":"INT","precision":10,"scale":0,"columnIndex":13,"isKey":false,"isExternalId":false,"isSfIdLookup":false,"isNullable":true,"isUnique":false,"isCreateable":false,"isUpdateable":true,"isFilterable":true,"isCalculated":false,"showLabel":false,"naturalOrder":13,"linkedFields":["F1_BOOLEAN"],"relatedInfos":[],"references":[]},{"@type":"field","id":107318075,"name":"F2_BOOLEAN","type":"integer","uniqueName":"F2_BOOLEAN","label":"F2_BOOLEAN","parentObject":"PC_DSS_AUTO_ALL_DT_2012","pcType":"INT","precision":10,"scale":0,"columnIndex":14,"isKey":false,"isExternalId":false,"isSfIdLookup":false,"isNullable":true,"isUnique":false,"isCreateable":false,"isUpdateable":true,"isFilterable":true,"isCalculated":false,"showLabel":false,"naturalOrder":14,"linkedFields":["F2_BOOLEAN"],"relatedInfos":[],"references":[]},{"@type":"field","id":107318077,"name":"F1_NUMBER","type":"decimal","uniqueName":"F1_NUMBER","label":"F1_NUMBER","parentObject":"PC_DSS_AUTO_ALL_DT_2012","pcType":"HIPRECDECIMAL","precision":18,"scale":0,"columnIndex":15,"isKey":true,"isExternalId":false,"isSfIdLookup":false,"isNullable":false,"isUnique":true,"isCreateable":false,"isUpdateable":true,"isFilterable":true,"isCalculated":false,"showLabel":false,"naturalOrder":15,"linkedFields":["F1_NUMBER"],"relatedInfos":[],"references":[]},{"@type":"field","id":107318079,"name":"F2_NUMBER","type":"float","uniqueName":"F2_NUMBER","label":"F2_NUMBER","parentObject":"PC_DSS_AUTO_ALL_DT_2012","pcType":"FLOAT","precision":15,"scale":0,"columnIndex":16,"isKey":false,"isExternalId":false,"isSfIdLookup":false,"isNullable":true,"isUnique":false,"isCreateable":false,"isUpdateable":true,"isFilterable":true,"isCalculated":false,"showLabel":false,"naturalOrder":16,"linkedFields":["F2_NUMBER"],"relatedInfos":[],"references":[]},{"@type":"field","id":107318081,"name":"F3_NUMBER","type":"decimal","uniqueName":"F3_NUMBER","label":"F3_NUMBER","parentObject":"PC_DSS_AUTO_ALL_DT_2012","pcType":"HIPRECDECIMAL","precision":19,"scale":4,"columnIndex":17,"isKey":false,"isExternalId":false,"isSfIdLookup":false,"isNullable":true,"isUnique":false,"isCreateable":false,"isUpdateable":true,"isFilterable":true,"isCalculated":false,"showLabel":false,"naturalOrder":17,"linkedFields":["F3_NUMBER"],"relatedInfos":[],"references":[]},{"@type":"field","id":107318083,"name":"F4_NUMBER","type":"numeric","uniqueName":"F4_NUMBER","label":"F4_NUMBER","parentObject":"PC_DSS_AUTO_ALL_DT_2012","pcType":"HIPRECDECIMAL","precision":18,"scale":0,"columnIndex":18,"isKey":false,"isExternalId":false,"isSfIdLookup":false,"isNullable":true,"isUnique":false,"isCreateable":false,"isUpdateable":true,"isFilterable":true,"isCalculated":false,"showLabel":false,"naturalOrder":18,"linkedFields":["F4_NUMBER"],"relatedInfos":[],"references":[]},{"@type":"field","id":107318085,"name":"F5_NUMBER","type":"real","uniqueName":"F5_NUMBER","label":"F5_NUMBER","parentObject":"PC_DSS_AUTO_ALL_DT_2012","pcType":"FLOAT","precision":7,"scale":0,"columnIndex":19,"isKey":false,"isExternalId":false,"isSfIdLookup":false,"isNullable":true,"isUnique":false,"isCreateable":false,"isUpdateable":true,"isFilterable":true,"isCalculated":false,"showLabel":false,"naturalOrder":19,"linkedFields":["F5_NUMBER"],"relatedInfos":[],"references":[]},{"@type":"field","id":107318087,"name":"F6_NUMBER","type":"decimal","uniqueName":"F6_NUMBER","label":"F6_NUMBER","parentObject":"PC_DSS_AUTO_ALL_DT_2012","pcType":"HIPRECDECIMAL","precision":10,"scale":4,"columnIndex":20,"isKey":false,"isExternalId":false,"isSfIdLookup":false,"isNullable":true,"isUnique":false,"isCreateable":false,"isUpdateable":true,"isFilterable":true,"isCalculated":false,"showLabel":false,"naturalOrder":20,"linkedFields":["F6_NUMBER"],"relatedInfos":[],"references":[]},{"@type":"field","id":107318089,"name":"F7_NUMBER","type":"decimal","uniqueName":"F7_NUMBER","label":"F7_NUMBER","parentObject":"PC_DSS_AUTO_ALL_DT_2012","pcType":"HIPRECDECIMAL","precision":18,"scale":0,"columnIndex":21,"isKey":false,"isExternalId":false,"isSfIdLookup":false,"isNullable":true,"isUnique":false,"isCreateable":false,"isUpdateable":true,"isFilterable":true,"isCalculated":false,"showLabel":false,"naturalOrder":21,"linkedFields":["F7_NUMBER"],"relatedInfos":[],"references":[]},{"@type":"field","id":107318091,"name":"F8_NUMBER","type":"decimal","uniqueName":"F8_NUMBER","label":"F8_NUMBER","parentObject":"PC_DSS_AUTO_ALL_DT_2012","pcType":"HIPRECDECIMAL","precision":18,"scale":0,"columnIndex":22,"isKey":false,"isExternalId":false,"isSfIdLookup":false,"isNullable":true,"isUnique":false,"isCreateable":false,"isUpdateable":true,"isFilterable":true,"isCalculated":false,"showLabel":false,"naturalOrder":22,"linkedFields":["F8_NUMBER"],"relatedInfos":[],"references":[]},{"@type":"field","id":107318093,"name":"F1_DATE","type":"timestamp","uniqueName":"F1_DATE","label":"F1_DATE","parentObject":"PC_DSS_AUTO_ALL_DT_2012","pcType":"DATE","precision":23,"scale":3,"columnIndex":23,"isKey":false,"isExternalId":false,"isSfIdLookup":false,"isNullable":true,"isUnique":false,"isCreateable":false,"isUpdateable":true,"isFilterable":true,"isCalculated":false,"showLabel":false,"naturalOrder":23,"linkedFields":["F1_DATE"],"relatedInfos":[],"references":[]},{"@type":"field","id":107318095,"name":"F2_DATE","type":"timestamp","uniqueName":"F2_DATE","label":"F2_DATE","parentObject":"PC_DSS_AUTO_ALL_DT_2012","pcType":"DATE","precision":23,"scale":3,"columnIndex":24,"isKey":false,"isExternalId":false,"isSfIdLookup":false,"isNullable":true,"isUnique":false,"isCreateable":false,"isUpdateable":true,"isFilterable":true,"isCalculated":false,"showLabel":false,"naturalOrder":24,"linkedFields":["F2_DATE"],"relatedInfos":[],"references":[]},{"@type":"field","id":107318097,"name":"F3_DATE","type":"timestamp","uniqueName":"F3_DATE","label":"F3_DATE","parentObject":"PC_DSS_AUTO_ALL_DT_2012","pcType":"DATE","precision":23,"scale":3,"columnIndex":25,"isKey":false,"isExternalId":false,"isSfIdLookup":false,"isNullable":true,"isUnique":false,"isCreateable":false,"isUpdateable":true,"isFilterable":true,"isCalculated":false,"showLabel":false,"naturalOrder":25,"linkedFields":["F3_DATE"],"relatedInfos":[],"references":[]},{"@type":"field","id":107318099,"name":"F4_DATE","type":"timestamp","uniqueName":"F4_DATE","label":"F4_DATE","parentObject":"PC_DSS_AUTO_ALL_DT_2012","pcType":"DATE","precision":23,"scale":3,"columnIndex":26,"isKey":false,"isExternalId":false,"isSfIdLookup":false,"isNullable":true,"isUnique":false,"isCreateable":false,"isUpdateable":true,"isFilterable":true,"isCalculated":false,"showLabel":false,"naturalOrder":26,"linkedFields":["F4_DATE"],"relatedInfos":[],"references":[]},{"@type":"field","id":107318101,"name":"F5_DATE","type":"timestamp","uniqueName":"F5_DATE","label":"F5_DATE","parentObject":"PC_DSS_AUTO_ALL_DT_2012","pcType":"DATE","precision":23,"scale":3,"columnIndex":27,"isKey":false,"isExternalId":false,"isSfIdLookup":false,"isNullable":true,"isUnique":false,"isCreateable":false,"isUpdateable":true,"isFilterable":true,"isCalculated":false,"showLabel":false,"naturalOrder":27,"linkedFields":["F5_DATE"],"relatedInfos":[],"references":[]},{"@type":"field","id":107318103,"name":"F6_DATE","type":"timestamp","uniqueName":"F6_DATE","label":"F6_DATE","parentObject":"PC_DSS_AUTO_ALL_DT_2012","pcType":"DATE","precision":23,"scale":3,"columnIndex":28,"isKey":false,"isExternalId":false,"isSfIdLookup":false,"isNullable":true,"isUnique":false,"isCreateable":false,"isUpdateable":true,"isFilterable":true,"isCalculated":false,"showLabel":false,"naturalOrder":28,"linkedFields":["F6_DATE"],"relatedInfos":[],"references":[]}],"sortFields":[],"groupFields":[]}]