[{"@type":"dssTask","id":"@1","name":"VCS_Asset_DSS_SQL_FF_1","description":"","maxLogs":10,"sourceConnectionId":"@a1sHPi9ylZ2bTSAcj4gGgW","targetConnectionId":"@15d1YXgQr0TdqPJKWEN205","targetObject":"PC_DSS_AUTO_ALL_DT_2012_1.csv","operation":"Insert","maxRows":0,"truncateTarget":false,"bulkApiDBTarget":false,"verbose":false,"tgtFlatFileAttrs":{"@type":"flatFileAttrs","id":584483,"delimiter":",","textQualifier":"\"","escapeChar":"","headerLineNo":1,"firstDataRow":2},"targetMetadataUpdated":false,"modelVersion":"V3-R600","queryAll":false,"srcSettings":{"@type":"taskDataSourceSetting","isShowLabels":false,"isNaturalOrder":true},"tgtSettings":{"@type":"taskDataSourceSetting","isShowLabels":false,"isNaturalOrder":true},"cfSettings":{"@type":"taskDataSourceSetting","isShowLabels":false,"isNaturalOrder":true},"bulkApi":false,"bulkApiSerialMode":false,"bulkApiMonitor":false,"isTargetObjectSfCustom":false,"allowNullUpdates":false,"targetBatchSize":200,"assignmentRuleId":"-1","assignmentRuleType":"None","createSuccessFile":false,"bulkApiHardDelete":false,"srcRuntimeAttrs":{"@type":"taskRuntimeAttrs","attrs":{}},"tgtRuntimeAttrs":{"@type":"taskRuntimeAttrs","attrs":{}},"parameterFileEncoding":"UTF-8","sourceObjects":[{"@type":"mObject","name":"PC_DSS_AUTO_ALL_DT_2012","label":"PC_DSS_AUTO_ALL_DT_2012","metadataUpdated":false,"relations":[],"children":[]}],"advancedFilters":[],"filters":[],"fieldMaps":[{"@type":"fieldMap","id":"17984239","targetField":{"@type":"field","id":105378861,"name":"F1_STRING","type":"nstring","uniqueName":"F1_STRING","label":"F1_STRING","parentObject":"PC_DSS_AUTO_ALL_DT_2012_1.csv","pcType":"UNISTRING","precision":100,"scale":0,"columnIndex":0,"isKey":false,"isExternalId":false,"isSfIdLookup":false,"isNullable":true,"isUnique":false,"isCreateable":false,"isUpdateable":true,"isFilterable":true,"isCalculated":false,"showLabel":false,"naturalOrder":0,"linkedFields":["F1_STRING"],"relatedInfos":[],"references":[]},"expression":"F1_STRING"},{"@type":"fieldMap","id":"17984241","targetField":{"@type":"field","id":105378863,"name":"F2_STRING","type":"nstring","uniqueName":"F2_STRING","label":"F2_STRING","parentObject":"PC_DSS_AUTO_ALL_DT_2012_1.csv","pcType":"UNISTRING","precision":40,"scale":0,"columnIndex":1,"isKey":false,"isExternalId":false,"isSfIdLookup":false,"isNullable":true,"isUnique":false,"isCreateable":false,"isUpdateable":true,"isFilterable":true,"isCalculated":false,"showLabel":false,"naturalOrder":0,"linkedFields":["F2_STRING"],"relatedInfos":[],"references":[]},"expression":"F2_STRING"},{"@type":"fieldMap","id":"17984243","targetField":{"@type":"field","id":105378865,"name":"F3_STRING","type":"nstring","uniqueName":"F3_STRING","label":"F3_STRING","parentObject":"PC_DSS_AUTO_ALL_DT_2012_1.csv","pcType":"UNISTRING","precision":50,"scale":0,"columnIndex":2,"isKey":false,"isExternalId":false,"isSfIdLookup":false,"isNullable":true,"isUnique":false,"isCreateable":false,"isUpdateable":true,"isFilterable":true,"isCalculated":false,"showLabel":false,"naturalOrder":0,"linkedFields":["F3_STRING"],"relatedInfos":[],"references":[]},"expression":"F3_STRING"},{"@type":"fieldMap","id":"17984245","targetField":{"@type":"field","id":105378867,"name":"F4_STRING","type":"nstring","uniqueName":"F4_STRING","label":"F4_STRING","parentObject":"PC_DSS_AUTO_ALL_DT_2012_1.csv","pcType":"UNISTRING","precision":32000,"scale":0,"columnIndex":3,"isKey":false,"isExternalId":false,"isSfIdLookup":false,"isNullable":true,"isUnique":false,"isCreateable":false,"isUpdateable":true,"isFilterable":true,"isCalculated":false,"showLabel":false,"naturalOrder":0,"linkedFields":["F4_STRING"],"relatedInfos":[],"references":[]},"expression":"F4_STRING"},{"@type":"fieldMap","id":"17984247","targetField":{"@type":"field","id":105378869,"name":"F5_STRING","type":"nstring","uniqueName":"F5_STRING","label":"F5_STRING","parentObject":"PC_DSS_AUTO_ALL_DT_2012_1.csv","pcType":"UNISTRING","precision":50,"scale":0,"columnIndex":4,"isKey":false,"isExternalId":false,"isSfIdLookup":false,"isNullable":true,"isUnique":false,"isCreateable":false,"isUpdateable":true,"isFilterable":true,"isCalculated":false,"showLabel":false,"naturalOrder":0,"linkedFields":["F5_STRING"],"relatedInfos":[],"references":[]},"expression":"F5_STRING"},{"@type":"fieldMap","id":"17984249","targetField":{"@type":"field","id":105378871,"name":"F6_STRING","type":"nstring","uniqueName":"F6_STRING","label":"F6_STRING","parentObject":"PC_DSS_AUTO_ALL_DT_2012_1.csv","pcType":"UNISTRING","precision":40,"scale":0,"columnIndex":5,"isKey":false,"isExternalId":false,"isSfIdLookup":false,"isNullable":true,"isUnique":false,"isCreateable":false,"isUpdateable":true,"isFilterable":true,"isCalculated":false,"showLabel":false,"naturalOrder":0,"linkedFields":["F6_STRING"],"relatedInfos":[],"references":[]},"expression":"F6_STRING"},{"@type":"fieldMap","id":"17984251","targetField":{"@type":"field","id":105378873,"name":"F7_STRING","type":"nstring","uniqueName":"F7_STRING","label":"F7_STRING","parentObject":"PC_DSS_AUTO_ALL_DT_2012_1.csv","pcType":"UNISTRING","precision":40,"scale":0,"columnIndex":6,"isKey":false,"isExternalId":false,"isSfIdLookup":false,"isNullable":true,"isUnique":false,"isCreateable":false,"isUpdateable":true,"isFilterable":true,"isCalculated":false,"showLabel":false,"naturalOrder":0,"linkedFields":["F7_STRING"],"relatedInfos":[],"references":[]},"expression":"F7_STRING"},{"@type":"fieldMap","id":"17984253","targetField":{"@type":"field","id":105378875,"name":"F8_STRING","type":"nstring","uniqueName":"F8_STRING","label":"F8_STRING","parentObject":"PC_DSS_AUTO_ALL_DT_2012_1.csv","pcType":"UNISTRING","precision":40,"scale":0,"columnIndex":7,"isKey":false,"isExternalId":false,"isSfIdLookup":false,"isNullable":true,"isUnique":false,"isCreateable":false,"isUpdateable":true,"isFilterable":true,"isCalculated":false,"showLabel":false,"naturalOrder":0,"linkedFields":["F8_STRING"],"relatedInfos":[],"references":[]},"expression":"F8_STRING"},{"@type":"fieldMap","id":"17984255","targetField":{"@type":"field","id":105378877,"name":"F1_INT","type":"bigint","uniqueName":"F1_INT","label":"F1_INT","parentObject":"PC_DSS_AUTO_ALL_DT_2012_1.csv","pcType":"INT","precision":19,"scale":0,"columnIndex":8,"isKey":false,"isExternalId":false,"isSfIdLookup":false,"isNullable":true,"isUnique":false,"isCreateable":false,"isUpdateable":true,"isFilterable":true,"isCalculated":false,"showLabel":false,"naturalOrder":0,"linkedFields":["F1_INT"],"relatedInfos":[],"references":[]},"expression":"F1_INT"},{"@type":"fieldMap","id":"17984257","targetField":{"@type":"field","id":105378879,"name":"F2_INT","type":"int","uniqueName":"F2_INT","label":"F2_INT","parentObject":"PC_DSS_AUTO_ALL_DT_2012_1.csv","pcType":"INT","precision":10,"scale":0,"columnIndex":9,"isKey":false,"isExternalId":false,"isSfIdLookup":false,"isNullable":true,"isUnique":false,"isCreateable":false,"isUpdateable":true,"isFilterable":true,"isCalculated":false,"showLabel":false,"naturalOrder":0,"linkedFields":["F2_INT"],"relatedInfos":[],"references":[]},"expression":"F2_INT"},{"@type":"fieldMap","id":"17984259","targetField":{"@type":"field","id":105378881,"name":"F3_INT","type":"int","uniqueName":"F3_INT","label":"F3_INT","parentObject":"PC_DSS_AUTO_ALL_DT_2012_1.csv","pcType":"INT","precision":10,"scale":0,"columnIndex":10,"isKey":false,"isExternalId":false,"isSfIdLookup":false,"isNullable":true,"isUnique":false,"isCreateable":false,"isUpdateable":true,"isFilterable":true,"isCalculated":false,"showLabel":false,"naturalOrder":0,"linkedFields":["F3_INT"],"relatedInfos":[],"references":[]},"expression":"F3_INT"},{"@type":"fieldMap","id":"17984261","targetField":{"@type":"field","id":105378883,"name":"F4_INT","type":"int","uniqueName":"F4_INT","label":"F4_INT","parentObject":"PC_DSS_AUTO_ALL_DT_2012_1.csv","pcType":"INT","precision":10,"scale":0,"columnIndex":11,"isKey":false,"isExternalId":false,"isSfIdLookup":false,"isNullable":true,"isUnique":false,"isCreateable":false,"isUpdateable":true,"isFilterable":true,"isCalculated":false,"showLabel":false,"naturalOrder":0,"linkedFields":["F4_INT"],"relatedInfos":[],"references":[]},"expression":"F4_INT"},{"@type":"fieldMap","id":"17984263","targetField":{"@type":"field","id":105378885,"name":"F5_INT","type":"int","uniqueName":"F5_INT","label":"F5_INT","parentObject":"PC_DSS_AUTO_ALL_DT_2012_1.csv","pcType":"INT","precision":10,"scale":0,"columnIndex":12,"isKey":false,"isExternalId":false,"isSfIdLookup":false,"isNullable":true,"isUnique":false,"isCreateable":false,"isUpdateable":true,"isFilterable":true,"isCalculated":false,"showLabel":false,"naturalOrder":0,"linkedFields":["F5_INT"],"relatedInfos":[],"references":[]},"expression":"F5_INT"},{"@type":"fieldMap","id":"17984265","targetField":{"@type":"field","id":105378887,"name":"F1_BOOLEAN","type":"int","uniqueName":"F1_BOOLEAN","label":"F1_BOOLEAN","parentObject":"PC_DSS_AUTO_ALL_DT_2012_1.csv","pcType":"INT","precision":10,"scale":0,"columnIndex":13,"isKey":false,"isExternalId":false,"isSfIdLookup":false,"isNullable":true,"isUnique":false,"isCreateable":false,"isUpdateable":true,"isFilterable":true,"isCalculated":false,"showLabel":false,"naturalOrder":0,"linkedFields":["F1_BOOLEAN"],"relatedInfos":[],"references":[]},"expression":"F1_BOOLEAN"},{"@type":"fieldMap","id":"17984267","targetField":{"@type":"field","id":105378889,"name":"F2_BOOLEAN","type":"int","uniqueName":"F2_BOOLEAN","label":"F2_BOOLEAN","parentObject":"PC_DSS_AUTO_ALL_DT_2012_1.csv","pcType":"INT","precision":10,"scale":0,"columnIndex":14,"isKey":false,"isExternalId":false,"isSfIdLookup":false,"isNullable":true,"isUnique":false,"isCreateable":false,"isUpdateable":true,"isFilterable":true,"isCalculated":false,"showLabel":false,"naturalOrder":0,"linkedFields":["F2_BOOLEAN"],"relatedInfos":[],"references":[]},"expression":"F2_BOOLEAN"},{"@type":"fieldMap","id":"17984269","targetField":{"@type":"field","id":105378891,"name":"F1_NUMBER","type":"number","uniqueName":"F1_NUMBER","label":"F1_NUMBER","parentObject":"PC_DSS_AUTO_ALL_DT_2012_1.csv","pcType":"HIPRECDECIMAL","precision":18,"scale":0,"columnIndex":15,"isKey":false,"isExternalId":false,"isSfIdLookup":false,"isNullable":true,"isUnique":false,"isCreateable":false,"isUpdateable":true,"isFilterable":true,"isCalculated":false,"showLabel":false,"naturalOrder":0,"linkedFields":["F1_NUMBER"],"relatedInfos":[],"references":[]},"expression":"F1_NUMBER"},{"@type":"fieldMap","id":"17984271","targetField":{"@type":"field","id":105378893,"name":"F2_NUMBER","type":"double","uniqueName":"F2_NUMBER","label":"F2_NUMBER","parentObject":"PC_DSS_AUTO_ALL_DT_2012_1.csv","pcType":"FLOAT","precision":15,"scale":0,"columnIndex":16,"isKey":false,"isExternalId":false,"isSfIdLookup":false,"isNullable":true,"isUnique":false,"isCreateable":false,"isUpdateable":true,"isFilterable":true,"isCalculated":false,"showLabel":false,"naturalOrder":0,"linkedFields":["F2_NUMBER"],"relatedInfos":[],"references":[]},"expression":"F2_NUMBER"},{"@type":"fieldMap","id":"17984273","targetField":{"@type":"field","id":105378895,"name":"F3_NUMBER","type":"number","uniqueName":"F3_NUMBER","label":"F3_NUMBER","parentObject":"PC_DSS_AUTO_ALL_DT_2012_1.csv","pcType":"HIPRECDECIMAL","precision":19,"scale":4,"columnIndex":17,"isKey":false,"isExternalId":false,"isSfIdLookup":false,"isNullable":true,"isUnique":false,"isCreateable":false,"isUpdateable":true,"isFilterable":true,"isCalculated":false,"showLabel":false,"naturalOrder":0,"linkedFields":["F3_NUMBER"],"relatedInfos":[],"references":[]},"expression":"F3_NUMBER"},{"@type":"fieldMap","id":"17984275","targetField":{"@type":"field","id":105378897,"name":"F4_NUMBER","type":"number","uniqueName":"F4_NUMBER","label":"F4_NUMBER","parentObject":"PC_DSS_AUTO_ALL_DT_2012_1.csv","pcType":"HIPRECDECIMAL","precision":18,"scale":0,"columnIndex":18,"isKey":false,"isExternalId":false,"isSfIdLookup":false,"isNullable":true,"isUnique":false,"isCreateable":false,"isUpdateable":true,"isFilterable":true,"isCalculated":false,"showLabel":false,"naturalOrder":0,"linkedFields":["F4_NUMBER"],"relatedInfos":[],"references":[]},"expression":"F4_NUMBER"},{"@type":"fieldMap","id":"17984277","targetField":{"@type":"field","id":105378899,"name":"F5_NUMBER","type":"number","uniqueName":"F5_NUMBER","label":"F5_NUMBER","parentObject":"PC_DSS_AUTO_ALL_DT_2012_1.csv","pcType":"HIPRECDECIMAL","precision":7,"scale":0,"columnIndex":19,"isKey":false,"isExternalId":false,"isSfIdLookup":false,"isNullable":true,"isUnique":false,"isCreateable":false,"isUpdateable":true,"isFilterable":true,"isCalculated":false,"showLabel":false,"naturalOrder":0,"linkedFields":["F5_NUMBER"],"relatedInfos":[],"references":[]},"expression":"F5_NUMBER"},{"@type":"fieldMap","id":"17984279","targetField":{"@type":"field","id":105378901,"name":"F6_NUMBER","type":"number","uniqueName":"F6_NUMBER","label":"F6_NUMBER","parentObject":"PC_DSS_AUTO_ALL_DT_2012_1.csv","pcType":"HIPRECDECIMAL","precision":10,"scale":4,"columnIndex":20,"isKey":false,"isExternalId":false,"isSfIdLookup":false,"isNullable":true,"isUnique":false,"isCreateable":false,"isUpdateable":true,"isFilterable":true,"isCalculated":false,"showLabel":false,"naturalOrder":0,"linkedFields":["F6_NUMBER"],"relatedInfos":[],"references":[]},"expression":"F6_NUMBER"},{"@type":"fieldMap","id":"17984281","targetField":{"@type":"field","id":105378903,"name":"F7_NUMBER","type":"number","uniqueName":"F7_NUMBER","label":"F7_NUMBER","parentObject":"PC_DSS_AUTO_ALL_DT_2012_1.csv","pcType":"HIPRECDECIMAL","precision":18,"scale":0,"columnIndex":21,"isKey":false,"isExternalId":false,"isSfIdLookup":false,"isNullable":true,"isUnique":false,"isCreateable":false,"isUpdateable":true,"isFilterable":true,"isCalculated":false,"showLabel":false,"naturalOrder":0,"linkedFields":["F7_NUMBER"],"relatedInfos":[],"references":[]},"expression":"F7_NUMBER"},{"@type":"fieldMap","id":"17984283","targetField":{"@type":"field","id":105378905,"name":"F8_NUMBER","type":"number","uniqueName":"F8_NUMBER","label":"F8_NUMBER","parentObject":"PC_DSS_AUTO_ALL_DT_2012_1.csv","pcType":"HIPRECDECIMAL","precision":18,"scale":0,"columnIndex":22,"isKey":false,"isExternalId":false,"isSfIdLookup":false,"isNullable":true,"isUnique":false,"isCreateable":false,"isUpdateable":true,"isFilterable":true,"isCalculated":false,"showLabel":false,"naturalOrder":0,"linkedFields":["F8_NUMBER"],"relatedInfos":[],"references":[]},"expression":"F8_NUMBER"},{"@type":"fieldMap","id":"17984285","targetField":{"@type":"field","id":105378907,"name":"F1_DATE","type":"datetime","uniqueName":"F1_DATE","label":"F1_DATE","parentObject":"PC_DSS_AUTO_ALL_DT_2012_1.csv","pcType":"DATE","precision":19,"scale":0,"columnIndex":23,"isKey":false,"isExternalId":false,"isSfIdLookup":false,"isNullable":true,"isUnique":false,"isCreateable":false,"isUpdateable":true,"isFilterable":true,"isCalculated":false,"showLabel":false,"naturalOrder":0,"linkedFields":["F1_DATE"],"relatedInfos":[],"references":[]},"expression":"F1_DATE"},{"@type":"fieldMap","id":"17984287","targetField":{"@type":"field","id":105378909,"name":"F2_DATE","type":"datetime","uniqueName":"F2_DATE","label":"F2_DATE","parentObject":"PC_DSS_AUTO_ALL_DT_2012_1.csv","pcType":"DATE","precision":19,"scale":0,"columnIndex":24,"isKey":false,"isExternalId":false,"isSfIdLookup":false,"isNullable":true,"isUnique":false,"isCreateable":false,"isUpdateable":true,"isFilterable":true,"isCalculated":false,"showLabel":false,"naturalOrder":0,"linkedFields":["F2_DATE"],"relatedInfos":[],"references":[]},"expression":"F2_DATE"},{"@type":"fieldMap","id":"17984289","targetField":{"@type":"field","id":105378911,"name":"F3_DATE","type":"datetime","uniqueName":"F3_DATE","label":"F3_DATE","parentObject":"PC_DSS_AUTO_ALL_DT_2012_1.csv","pcType":"DATE","precision":19,"scale":0,"columnIndex":25,"isKey":false,"isExternalId":false,"isSfIdLookup":false,"isNullable":true,"isUnique":false,"isCreateable":false,"isUpdateable":true,"isFilterable":true,"isCalculated":false,"showLabel":false,"naturalOrder":0,"linkedFields":["F3_DATE"],"relatedInfos":[],"references":[]},"expression":"F3_DATE"},{"@type":"fieldMap","id":"17984291","targetField":{"@type":"field","id":105378913,"name":"F4_DATE","type":"datetime","uniqueName":"F4_DATE","label":"F4_DATE","parentObject":"PC_DSS_AUTO_ALL_DT_2012_1.csv","pcType":"DATE","precision":19,"scale":0,"columnIndex":26,"isKey":false,"isExternalId":false,"isSfIdLookup":false,"isNullable":true,"isUnique":false,"isCreateable":false,"isUpdateable":true,"isFilterable":true,"isCalculated":false,"showLabel":false,"naturalOrder":0,"linkedFields":["F4_DATE"],"relatedInfos":[],"references":[]},"expression":"F4_DATE"},{"@type":"fieldMap","id":"17984293","targetField":{"@type":"field","id":105378915,"name":"F5_DATE","type":"datetime","uniqueName":"F5_DATE","label":"F5_DATE","parentObject":"PC_DSS_AUTO_ALL_DT_2012_1.csv","pcType":"DATE","precision":19,"scale":0,"columnIndex":27,"isKey":false,"isExternalId":false,"isSfIdLookup":false,"isNullable":true,"isUnique":false,"isCreateable":false,"isUpdateable":true,"isFilterable":true,"isCalculated":false,"showLabel":false,"naturalOrder":0,"linkedFields":["F5_DATE"],"relatedInfos":[],"references":[]},"expression":"F5_DATE"},{"@type":"fieldMap","id":"17984295","targetField":{"@type":"field","id":105378917,"name":"F6_DATE","type":"datetime","uniqueName":"F6_DATE","label":"F6_DATE","parentObject":"PC_DSS_AUTO_ALL_DT_2012_1.csv","pcType":"DATE","precision":19,"scale":0,"columnIndex":28,"isKey":false,"isExternalId":false,"isSfIdLookup":false,"isNullable":true,"isUnique":false,"isCreateable":false,"isUpdateable":true,"isFilterable":true,"isCalculated":false,"showLabel":false,"naturalOrder":0,"linkedFields":["F6_DATE"],"relatedInfos":[],"references":[]},"expression":"F6_DATE"}],"sourceFields":[{"@type":"field","id":105378919,"name":"F1_STRING","type":"varchar","uniqueName":"F1_STRING","label":"F1_STRING","parentObject":"PC_DSS_AUTO_ALL_DT_2012","pcType":"STRING","precision":100,"scale":0,"columnIndex":0,"isKey":false,"isExternalId":false,"isSfIdLookup":false,"isNullable":false,"isUnique":false,"isCreateable":false,"isUpdateable":true,"isFilterable":true,"isCalculated":false,"showLabel":false,"naturalOrder":0,"linkedFields":["F1_STRING"],"relatedInfos":[],"references":[]},{"@type":"field","id":105378921,"name":"F2_STRING","type":"varchar","uniqueName":"F2_STRING","label":"F2_STRING","parentObject":"PC_DSS_AUTO_ALL_DT_2012","pcType":"STRING","precision":40,"scale":0,"columnIndex":1,"isKey":false,"isExternalId":false,"isSfIdLookup":false,"isNullable":true,"isUnique":false,"isCreateable":false,"isUpdateable":true,"isFilterable":true,"isCalculated":false,"showLabel":false,"naturalOrder":1,"linkedFields":["F2_STRING"],"relatedInfos":[],"references":[]},{"@type":"field","id":105378923,"name":"F3_STRING","type":"char","uniqueName":"F3_STRING","label":"F3_STRING","parentObject":"PC_DSS_AUTO_ALL_DT_2012","pcType":"STRING","precision":50,"scale":0,"columnIndex":2,"isKey":false,"isExternalId":false,"isSfIdLookup":false,"isNullable":true,"isUnique":false,"isCreateable":false,"isUpdateable":true,"isFilterable":true,"isCalculated":false,"showLabel":false,"naturalOrder":2,"linkedFields":["F3_STRING"],"relatedInfos":[],"references":[]},{"@type":"field","id":105378925,"name":"F4_STRING","type":"text","uniqueName":"F4_STRING","label":"F4_STRING","parentObject":"PC_DSS_AUTO_ALL_DT_2012","pcType":"STRING","precision":32000,"scale":0,"columnIndex":3,"isKey":false,"isExternalId":false,"isSfIdLookup":false,"isNullable":true,"isUnique":false,"isCreateable":false,"isUpdateable":true,"isFilterable":true,"isCalculated":false,"showLabel":false,"naturalOrder":3,"linkedFields":["F4_STRING"],"relatedInfos":[],"references":[]},{"@type":"field","id":105378927,"name":"F5_STRING","type":"varchar","uniqueName":"F5_STRING","label":"F5_STRING","parentObject":"PC_DSS_AUTO_ALL_DT_2012","pcType":"STRING","precision":50,"scale":0,"columnIndex":4,"isKey":false,"isExternalId":false,"isSfIdLookup":false,"isNullable":true,"isUnique":false,"isCreateable":false,"isUpdateable":true,"isFilterable":true,"isCalculated":false,"showLabel":false,"naturalOrder":4,"linkedFields":["F5_STRING"],"relatedInfos":[],"references":[]},{"@type":"field","id":105378929,"name":"F6_STRING","type":"varchar","uniqueName":"F6_STRING","label":"F6_STRING","parentObject":"PC_DSS_AUTO_ALL_DT_2012","pcType":"STRING","precision":40,"scale":0,"columnIndex":5,"isKey":false,"isExternalId":false,"isSfIdLookup":false,"isNullable":true,"isUnique":false,"isCreateable":false,"isUpdateable":true,"isFilterable":true,"isCalculated":false,"showLabel":false,"naturalOrder":5,"linkedFields":["F6_STRING"],"relatedInfos":[],"references":[]},{"@type":"field","id":105378931,"name":"F7_STRING","type":"varchar","uniqueName":"F7_STRING","label":"F7_STRING","parentObject":"PC_DSS_AUTO_ALL_DT_2012","pcType":"STRING","precision":40,"scale":0,"columnIndex":6,"isKey":false,"isExternalId":false,"isSfIdLookup":false,"isNullable":true,"isUnique":false,"isCreateable":false,"isUpdateable":true,"isFilterable":true,"isCalculated":false,"showLabel":false,"naturalOrder":6,"linkedFields":["F7_STRING"],"relatedInfos":[],"references":[]},{"@type":"field","id":105378933,"name":"F8_STRING","type":"varchar","uniqueName":"F8_STRING","label":"F8_STRING","parentObject":"PC_DSS_AUTO_ALL_DT_2012","pcType":"STRING","precision":40,"scale":0,"columnIndex":7,"isKey":false,"isExternalId":false,"isSfIdLookup":false,"isNullable":true,"isUnique":false,"isCreateable":false,"isUpdateable":true,"isFilterable":true,"isCalculated":false,"showLabel":false,"naturalOrder":7,"linkedFields":["F8_STRING"],"relatedInfos":[],"references":[]},{"@type":"field","id":105378935,"name":"F1_INT","type":"bigint","uniqueName":"F1_INT","label":"F1_INT","parentObject":"PC_DSS_AUTO_ALL_DT_2012","pcType":"INT","precision":19,"scale":0,"columnIndex":8,"isKey":false,"isExternalId":false,"isSfIdLookup":false,"isNullable":true,"isUnique":false,"isCreateable":false,"isUpdateable":true,"isFilterable":true,"isCalculated":false,"showLabel":false,"naturalOrder":8,"linkedFields":["F1_INT"],"relatedInfos":[],"references":[]},{"@type":"field","id":105378937,"name":"F2_INT","type":"integer","uniqueName":"F2_INT","label":"F2_INT","parentObject":"PC_DSS_AUTO_ALL_DT_2012","pcType":"INT","precision":10,"scale":0,"columnIndex":9,"isKey":false,"isExternalId":false,"isSfIdLookup":false,"isNullable":true,"isUnique":false,"isCreateable":false,"isUpdateable":true,"isFilterable":true,"isCalculated":false,"showLabel":false,"naturalOrder":9,"linkedFields":["F2_INT"],"relatedInfos":[],"references":[]},{"@type":"field","id":105378939,"name":"F3_INT","type":"smallint","uniqueName":"F3_INT","label":"F3_INT","parentObject":"PC_DSS_AUTO_ALL_DT_2012","pcType":"INT","precision":5,"scale":0,"columnIndex":10,"isKey":false,"isExternalId":false,"isSfIdLookup":false,"isNullable":true,"isUnique":false,"isCreateable":false,"isUpdateable":true,"isFilterable":true,"isCalculated":false,"showLabel":false,"naturalOrder":10,"linkedFields":["F3_INT"],"relatedInfos":[],"references":[]},{"@type":"field","id":105378941,"name":"F4_INT","type":"tinyint","uniqueName":"F4_INT","label":"F4_INT","parentObject":"PC_DSS_AUTO_ALL_DT_2012","pcType":"INT","precision":3,"scale":0,"columnIndex":11,"isKey":false,"isExternalId":false,"isSfIdLookup":false,"isNullable":true,"isUnique":false,"isCreateable":false,"isUpdateable":true,"isFilterable":true,"isCalculated":false,"showLabel":false,"naturalOrder":11,"linkedFields":["F4_INT"],"relatedInfos":[],"references":[]},{"@type":"field","id":105378943,"name":"F5_INT","type":"integer","uniqueName":"F5_INT","label":"F5_INT","parentObject":"PC_DSS_AUTO_ALL_DT_2012","pcType":"INT","precision":10,"scale":0,"columnIndex":12,"isKey":false,"isExternalId":false,"isSfIdLookup":false,"isNullable":true,"isUnique":false,"isCreateable":false,"isUpdateable":true,"isFilterable":true,"isCalculated":false,"showLabel":false,"naturalOrder":12,"linkedFields":["F5_INT"],"relatedInfos":[],"references":[]},{"@type":"field","id":105378945,"name":"F1_BOOLEAN","type":"integer","uniqueName":"F1_BOOLEAN","label":"F1_BOOLEAN","parentObject":"PC_DSS_AUTO_ALL_DT_2012","pcType":"INT","precision":10,"scale":0,"columnIndex":13,"isKey":false,"isExternalId":false,"isSfIdLookup":false,"isNullable":true,"isUnique":false,"isCreateable":false,"isUpdateable":true,"isFilterable":true,"isCalculated":false,"showLabel":false,"naturalOrder":13,"linkedFields":["F1_BOOLEAN"],"relatedInfos":[],"references":[]},{"@type":"field","id":105378947,"name":"F2_BOOLEAN","type":"integer","uniqueName":"F2_BOOLEAN","label":"F2_BOOLEAN","parentObject":"PC_DSS_AUTO_ALL_DT_2012","pcType":"INT","precision":10,"scale":0,"columnIndex":14,"isKey":false,"isExternalId":false,"isSfIdLookup":false,"isNullable":true,"isUnique":false,"isCreateable":false,"isUpdateable":true,"isFilterable":true,"isCalculated":false,"showLabel":false,"naturalOrder":14,"linkedFields":["F2_BOOLEAN"],"relatedInfos":[],"references":[]},{"@type":"field","id":105378949,"name":"F1_NUMBER","type":"decimal","uniqueName":"F1_NUMBER","label":"F1_NUMBER","parentObject":"PC_DSS_AUTO_ALL_DT_2012","pcType":"HIPRECDECIMAL","precision":18,"scale":0,"columnIndex":15,"isKey":true,"isExternalId":false,"isSfIdLookup":false,"isNullable":false,"isUnique":true,"isCreateable":false,"isUpdateable":true,"isFilterable":true,"isCalculated":false,"showLabel":false,"naturalOrder":15,"linkedFields":["F1_NUMBER"],"relatedInfos":[],"references":[]},{"@type":"field","id":105378951,"name":"F2_NUMBER","type":"float","uniqueName":"F2_NUMBER","label":"F2_NUMBER","parentObject":"PC_DSS_AUTO_ALL_DT_2012","pcType":"FLOAT","precision":15,"scale":0,"columnIndex":16,"isKey":false,"isExternalId":false,"isSfIdLookup":false,"isNullable":true,"isUnique":false,"isCreateable":false,"isUpdateable":true,"isFilterable":true,"isCalculated":false,"showLabel":false,"naturalOrder":16,"linkedFields":["F2_NUMBER"],"relatedInfos":[],"references":[]},{"@type":"field","id":105378953,"name":"F3_NUMBER","type":"decimal","uniqueName":"F3_NUMBER","label":"F3_NUMBER","parentObject":"PC_DSS_AUTO_ALL_DT_2012","pcType":"HIPRECDECIMAL","precision":19,"scale":4,"columnIndex":17,"isKey":false,"isExternalId":false,"isSfIdLookup":false,"isNullable":true,"isUnique":false,"isCreateable":false,"isUpdateable":true,"isFilterable":true,"isCalculated":false,"showLabel":false,"naturalOrder":17,"linkedFields":["F3_NUMBER"],"relatedInfos":[],"references":[]},{"@type":"field","id":105378955,"name":"F4_NUMBER","type":"numeric","uniqueName":"F4_NUMBER","label":"F4_NUMBER","parentObject":"PC_DSS_AUTO_ALL_DT_2012","pcType":"HIPRECDECIMAL","precision":18,"scale":0,"columnIndex":18,"isKey":false,"isExternalId":false,"isSfIdLookup":false,"isNullable":true,"isUnique":false,"isCreateable":false,"isUpdateable":true,"isFilterable":true,"isCalculated":false,"showLabel":false,"naturalOrder":18,"linkedFields":["F4_NUMBER"],"relatedInfos":[],"references":[]},{"@type":"field","id":105378957,"name":"F5_NUMBER","type":"real","uniqueName":"F5_NUMBER","label":"F5_NUMBER","parentObject":"PC_DSS_AUTO_ALL_DT_2012","pcType":"FLOAT","precision":7,"scale":0,"columnIndex":19,"isKey":false,"isExternalId":false,"isSfIdLookup":false,"isNullable":true,"isUnique":false,"isCreateable":false,"isUpdateable":true,"isFilterable":true,"isCalculated":false,"showLabel":false,"naturalOrder":19,"linkedFields":["F5_NUMBER"],"relatedInfos":[],"references":[]},{"@type":"field","id":105378959,"name":"F6_NUMBER","type":"decimal","uniqueName":"F6_NUMBER","label":"F6_NUMBER","parentObject":"PC_DSS_AUTO_ALL_DT_2012","pcType":"HIPRECDECIMAL","precision":10,"scale":4,"columnIndex":20,"isKey":false,"isExternalId":false,"isSfIdLookup":false,"isNullable":true,"isUnique":false,"isCreateable":false,"isUpdateable":true,"isFilterable":true,"isCalculated":false,"showLabel":false,"naturalOrder":20,"linkedFields":["F6_NUMBER"],"relatedInfos":[],"references":[]},{"@type":"field","id":105378961,"name":"F7_NUMBER","type":"decimal","uniqueName":"F7_NUMBER","label":"F7_NUMBER","parentObject":"PC_DSS_AUTO_ALL_DT_2012","pcType":"HIPRECDECIMAL","precision":18,"scale":0,"columnIndex":21,"isKey":false,"isExternalId":false,"isSfIdLookup":false,"isNullable":true,"isUnique":false,"isCreateable":false,"isUpdateable":true,"isFilterable":true,"isCalculated":false,"showLabel":false,"naturalOrder":21,"linkedFields":["F7_NUMBER"],"relatedInfos":[],"references":[]},{"@type":"field","id":105378963,"name":"F8_NUMBER","type":"decimal","uniqueName":"F8_NUMBER","label":"F8_NUMBER","parentObject":"PC_DSS_AUTO_ALL_DT_2012","pcType":"HIPRECDECIMAL","precision":18,"scale":0,"columnIndex":22,"isKey":false,"isExternalId":false,"isSfIdLookup":false,"isNullable":true,"isUnique":false,"isCreateable":false,"isUpdateable":true,"isFilterable":true,"isCalculated":false,"showLabel":false,"naturalOrder":22,"linkedFields":["F8_NUMBER"],"relatedInfos":[],"references":[]},{"@type":"field","id":105378965,"name":"F1_DATE","type":"timestamp","uniqueName":"F1_DATE","label":"F1_DATE","parentObject":"PC_DSS_AUTO_ALL_DT_2012","pcType":"DATE","precision":23,"scale":3,"columnIndex":23,"isKey":false,"isExternalId":false,"isSfIdLookup":false,"isNullable":true,"isUnique":false,"isCreateable":false,"isUpdateable":true,"isFilterable":true,"isCalculated":false,"showLabel":false,"naturalOrder":23,"linkedFields":["F1_DATE"],"relatedInfos":[],"references":[]},{"@type":"field","id":105378967,"name":"F2_DATE","type":"timestamp","uniqueName":"F2_DATE","label":"F2_DATE","parentObject":"PC_DSS_AUTO_ALL_DT_2012","pcType":"DATE","precision":23,"scale":3,"columnIndex":24,"isKey":false,"isExternalId":false,"isSfIdLookup":false,"isNullable":true,"isUnique":false,"isCreateable":false,"isUpdateable":true,"isFilterable":true,"isCalculated":false,"showLabel":false,"naturalOrder":24,"linkedFields":["F2_DATE"],"relatedInfos":[],"references":[]},{"@type":"field","id":105378969,"name":"F3_DATE","type":"timestamp","uniqueName":"F3_DATE","label":"F3_DATE","parentObject":"PC_DSS_AUTO_ALL_DT_2012","pcType":"DATE","precision":23,"scale":3,"columnIndex":25,"isKey":false,"isExternalId":false,"isSfIdLookup":false,"isNullable":true,"isUnique":false,"isCreateable":false,"isUpdateable":true,"isFilterable":true,"isCalculated":false,"showLabel":false,"naturalOrder":25,"linkedFields":["F3_DATE"],"relatedInfos":[],"references":[]},{"@type":"field","id":105378971,"name":"F4_DATE","type":"timestamp","uniqueName":"F4_DATE","label":"F4_DATE","parentObject":"PC_DSS_AUTO_ALL_DT_2012","pcType":"DATE","precision":23,"scale":3,"columnIndex":26,"isKey":false,"isExternalId":false,"isSfIdLookup":false,"isNullable":true,"isUnique":false,"isCreateable":false,"isUpdateable":true,"isFilterable":true,"isCalculated":false,"showLabel":false,"naturalOrder":26,"linkedFields":["F4_DATE"],"relatedInfos":[],"references":[]},{"@type":"field","id":105378973,"name":"F5_DATE","type":"timestamp","uniqueName":"F5_DATE","label":"F5_DATE","parentObject":"PC_DSS_AUTO_ALL_DT_2012","pcType":"DATE","precision":23,"scale":3,"columnIndex":27,"isKey":false,"isExternalId":false,"isSfIdLookup":false,"isNullable":true,"isUnique":false,"isCreateable":false,"isUpdateable":true,"isFilterable":true,"isCalculated":false,"showLabel":false,"naturalOrder":27,"linkedFields":["F5_DATE"],"relatedInfos":[],"references":[]},{"@type":"field","id":105378975,"name":"F6_DATE","type":"timestamp","uniqueName":"F6_DATE","label":"F6_DATE","parentObject":"PC_DSS_AUTO_ALL_DT_2012","pcType":"DATE","precision":23,"scale":3,"columnIndex":28,"isKey":false,"isExternalId":false,"isSfIdLookup":false,"isNullable":true,"isUnique":false,"isCreateable":false,"isUpdateable":true,"isFilterable":true,"isCalculated":false,"showLabel":false,"naturalOrder":28,"linkedFields":["F6_DATE"],"relatedInfos":[],"references":[]}],"sortFields":[],"groupFields":[]}]