[{"@type":"mappingTemplate","id":"@1","name":"BulkUnlink_Mapping_SQL_FF_1","description":"Pod Certification Task: Mapping has a src and a target. ","bundleVersion":"0","templateId":"@3","deployTime":1591458410000,"hasParameters":false,"valid":true,"fixedConnection":true,"hasParametersDeployed":false,"fixedConnectionDeployed":true,"tasks":1,"mappingPreviewFileRecordId":"@2","references":[{"@type":"reference","refObjectId":"@9w6t5B8OkBCgVvhjrfrogR","refType":"connection"},{"@type":"reference","refObjectId":"@5Hv8WTAUSVKgNDXL95Q5gR","refType":"connection"}]}]