[{"@type":"mappingTemplate","id":"@1","name":"auto_sqlserver_Joiner_csv","description":"Mapping","bundleVersion":"0","templateId":"@3","deployTime":1568928000000,"hasParameters":false,"valid":true,"fixedConnection":true,"hasParametersDeployed":false,"fixedConnectionDeployed":true,"tasks":7,"mappingPreviewFileRecordId":"@2","references":[{"@type":"reference","refObjectId":"@9Y1i3cdZXcTfAxFisqWuw7","refType":"connection"},{"@type":"reference","refObjectId":"@7AejEIIAv6QiYflMsuUFgi","refType":"connection"}]}]