[{"@type":"drsTask","id":"@1","name":"VCS_UI_Multi_Asset_DRS","description":"This is DRS for Pod Certification","errorTaskEmail":{"@type":"taskEmail","id":323667,"emails":"emailqaverify1@gmail.com","emailType":"ERROR"},"successTaskEmail":{"@type":"taskEmail","id":323668,"emails":"emailqaverify1@gmail.com","emailType":"SUCCESS"},"warningTaskEmail":{"@type":"taskEmail","id":323669,"emails":"emailqaverify1@gmail.com","emailType":"WARNING"},"maxLogs":10,"sourceConnectionId":"@0z3IyLVVlT8km5DKleyEOP","targetConnectionId":"@8IzppzLHxRXf1IDYmIH18Q","tablePrefix":"PC_DRS3_","verbose":false,"fullRefresh":true,"replicateAllObjects":false,"removeDeleted":true,"queryAll":false,"srcShowLabels":false,"maxRows":0,"stopOnError":true,"replicationObjects":["PC_DRS_ALL_DT_SQL2008"],"excludedReplicationObjects":[],"majorUpdateTime":1575777801000,"metadataMode":0,"bulkApi":false,"base64BodySize":0.0,"bulkApiDBTarget":false,"fieldExclusions":[],"filters":[{"@type":"filter","objectName":"PC_DRS_ALL_DT_SQL2008","field":"F4_CHAR_DEF","fieldLabel":"F4_CHAR_DEF","type":"STRING","operator":"equals","value":"TEST1"}],"advancedFilters":[],"srcRuntimeAttrs":{"@type":"taskRuntimeAttrs","attrs":{}}}]