[{"@type":"mappingTemplate","id":"@1","name":"VCS_Asset_Mapping_SQL_FF_1","description":"Pod Certification Task: Mapping has a src and a target. ","bundleVersion":"0","templateId":"@3","deployTime":1573360605000,"hasParameters":false,"valid":true,"fixedConnection":true,"hasParametersDeployed":false,"fixedConnectionDeployed":true,"tasks":1,"mappingPreviewFileRecordId":"@2","references":[{"@type":"reference","refObjectId":"@1nVZNaIFHrbfP9qrRl4DAk","refType":"connection"},{"@type":"reference","refObjectId":"@4ibgWZeZtQ1dyT2L8YjEQA","refType":"connection"}]}]