[{"@type":"mappingTemplate","id":"@1","name":"VCS_Asset_Mapping_SQL_FF_1","description":"Pod Certification Task: Mapping has a src and a target. ","bundleVersion":"0","templateId":"@3","deployTime":1568238258000,"hasParameters":false,"valid":true,"fixedConnection":true,"hasParametersDeployed":false,"fixedConnectionDeployed":true,"tasks":1,"mappingPreviewFileRecordId":"@2","references":[{"@type":"reference","refObjectId":"@6p9KZb2QbahkOGEk5qGOcd","refType":"connection"},{"@type":"reference","refObjectId":"@1bHSy9UNl4ZfQvjVPhQ5Mk","refType":"connection"}]}]