[{"@type":"mappingTemplate","id":"@1","name":"VCS_Asset_Mapping_SQL_FF_1","description":"Pod Certification Task: Mapping has a src and a target. ","bundleVersion":"0","templateId":"@3","deployTime":1571852929000,"hasParameters":false,"valid":true,"fixedConnection":true,"hasParametersDeployed":false,"fixedConnectionDeployed":true,"tasks":1,"mappingPreviewFileRecordId":"@2","references":[{"@type":"reference","refObjectId":"@3lz9IcBqJcUeJQ4ZraL8QI","refType":"connection"},{"@type":"reference","refObjectId":"@7ksgtRNgYS5db4WVwXYIuZ","refType":"connection"}]}]