[{"@type":"mappingTemplate","id":"@1","name":"VCS_Asset_Mapping_SQL_FF_1","description":"Pod Certification Task: Mapping has a src and a target. ","bundleVersion":"0","templateId":"@3","deployTime":1570827602000,"hasParameters":false,"valid":true,"fixedConnection":true,"hasParametersDeployed":false,"fixedConnectionDeployed":true,"tasks":1,"mappingPreviewFileRecordId":"@2","references":[{"@type":"reference","refObjectId":"@7vRFNn4zuC7dYZcLAkEVIZ","refType":"connection"},{"@type":"reference","refObjectId":"@6SEnN4SVlmrkyyOr4TxFWe","refType":"connection"}]}]