[{"@type":"mappingTemplate","id":"@1","name":"VCS_Asset_Mapping_SQL_FF_1","description":"Pod Certification Task: Mapping has a src and a target. ","bundleVersion":"0","templateId":"@3","deployTime":1580844736000,"hasParameters":false,"valid":true,"fixedConnection":true,"hasParametersDeployed":false,"fixedConnectionDeployed":true,"tasks":1,"mappingPreviewFileRecordId":"@2","references":[{"@type":"reference","refObjectId":"@0tiuQH5LDK5lSHS71QhEeb","refType":"connection"},{"@type":"reference","refObjectId":"@8MOiTR57ge2egtarNB3vU3","refType":"connection"}]}]