[{"@type":"mappingTemplate","id":"@1","name":"VCS_Asset_Mapping_SQL_FF_1","description":"Pod Certification Task: Mapping has a src and a target. ","bundleVersion":"0","templateId":"@3","deployTime":1573967295000,"hasParameters":false,"valid":true,"fixedConnection":true,"hasParametersDeployed":false,"fixedConnectionDeployed":true,"tasks":1,"mappingPreviewFileRecordId":"@2","references":[{"@type":"reference","refObjectId":"@0v45ZoywuNnfZA5SBlHjE9","refType":"connection"},{"@type":"reference","refObjectId":"@iJbBGzX3ZEFjHXkDfTnOGP","refType":"connection"}]}]