[{"@type":"mappingTemplate","id":"@1","name":"Automation_MTT_Task - Copy 1","description":"This Mapping is used by Automation for Backend MTT task scenario, do not delete it","bundleVersion":"0","templateId":"@3","hasParameters":false,"valid":true,"fixedConnection":true,"hasParametersDeployed":false,"fixedConnectionDeployed":false,"tasks":0,"mappingPreviewFileRecordId":"@2","references":[{"@type":"reference","refObjectId":"@7vhJBhZ78M8e5XOuufEFaZ","refType":"connection"},{"@type":"reference","refObjectId":"@4lzQBY4fjE5d65fEWqswC3","refType":"connection"}]}]