[{"@type":"mappingTemplate","id":"@1","name":"Mapping2","description":"","bundleVersion":"0","templateId":"@3","deployTime":1568174640000,"hasParameters":false,"valid":true,"fixedConnection":true,"hasParametersDeployed":false,"fixedConnectionDeployed":true,"tasks":1,"mappingPreviewFileRecordId":"@2","documentType":"","references":[{"@type":"reference","refObjectId":"@6WWRKIxTbmyi7l5NVI4pcR","refType":"connection"},{"@type":"reference","refObjectId":"@0oY1AYix7jSjkPcyr8JzEi","refType":"connection"}]}]