[{"@type":"drsTask","id":"@1","name":"VCS_DRS_AUTO","description":"DRS_S8_CSV_EXCLUDE_SO_MF","maxLogs":10,"sourceConnectionId":"@4fcxpKYWF4whG8gKBmUjSg","targetConnectionId":"@7Dj3ZguUu4Fl0sZRsjLtQE","tablePrefix":"S8_Exl102_","verbose":false,"fullRefresh":true,"replicateAllObjects":false,"removeDeleted":true,"queryAll":false,"srcShowLabels":false,"maxRows":0,"stopOnError":true,"replicationObjects":["ALL_DT_SQL2008"],"excludedReplicationObjects":[],"majorUpdateTime":1583277593000,"metadataMode":0,"bulkApi":false,"base64BodySize":0.0,"bulkApiDBTarget":false,"fieldExclusions":[{"@type":"fieldExclusion","objectName":"ALL_DT_SQL2008","fields":[{"@type":"field","id":-1,"name":"F18_TIME_DEF","uniqueName":"F18_TIME_DEF","label":"F18_TIME_DEF","precision":0,"scale":0,"columnIndex":-1,"isKey":false,"isExternalId":false,"isSfIdLookup":false,"isNullable":true,"isUnique":false,"isCreateable":false,"isUpdateable":true,"isFilterable":true,"isCalculated":false,"showLabel":false,"naturalOrder":0,"linkedFields":[],"relatedInfos":[],"references":[]},{"@type":"field","id":-1,"name":"F7_FLOAT_DEF","uniqueName":"F7_FLOAT_DEF","label":"F7_FLOAT_DEF","precision":0,"scale":0,"columnIndex":-1,"isKey":false,"isExternalId":false,"isSfIdLookup":false,"isNullable":true,"isUnique":false,"isCreateable":false,"isUpdateable":true,"isFilterable":true,"isCalculated":false,"showLabel":false,"naturalOrder":0,"linkedFields":[],"relatedInfos":[],"references":[]},{"@type":"field","id":-1,"name":"F9_MONEY_DEF","uniqueName":"F9_MONEY_DEF","label":"F9_MONEY_DEF","precision":0,"scale":0,"columnIndex":-1,"isKey":false,"isExternalId":false,"isSfIdLookup":false,"isNullable":true,"isUnique":false,"isCreateable":false,"isUpdateable":true,"isFilterable":true,"isCalculated":false,"showLabel":false,"naturalOrder":0,"linkedFields":[],"relatedInfos":[],"references":[]}]}],"filters":[],"advancedFilters":[],"srcRuntimeAttrs":{"@type":"taskRuntimeAttrs","attrs":{}}}]