[{"@type":"mappingTemplate","id":"@1","name":"PROJ_2_Mapping_SQL_FF_1","description":"Pod Certification Task: Mapping has a src and a target. ","bundleVersion":"0","templateId":"@3","deployTime":1573782222000,"hasParameters":false,"valid":true,"fixedConnection":true,"hasParametersDeployed":false,"fixedConnectionDeployed":true,"tasks":0,"mappingPreviewFileRecordId":"@2","references":[{"@type":"reference","refObjectId":"@0sivECQJrA3fzV8ScJp6Yj","refType":"connection"},{"@type":"reference","refObjectId":"@epWX5qXr4GNfuGyuJxDAkt","refType":"connection"}]}]