[{"@type":"workflow","id":"@1","name":"BulkUnlink_LTF_FF_FF","maxLogs":10,"references":[{"@type":"reference","refObjectId":"@0HT6gFndLtiibTJlZxUIsS","refType":"mtTask"},{"@type":"reference","refObjectId":"@kFH9QCAU5u9iVz2BGKO1oI","refType":"dssTask"}],"tasks":[{"@type":"workflowTask","taskId":"@0HT6gFndLtiibTJlZxUIsS","type":"MTT","name":"BulkUnlink_LTF_Mapping_Task","stopOnError":false,"stopOnWarning":false},{"@type":"workflowTask","taskId":"@kFH9QCAU5u9iVz2BGKO1oI","type":"DSS","name":"BulkUnlink_LTF_DSS_FF_FF","stopOnError":false,"stopOnWarning":false}]}]