[{"@type":"workflow","id":"@1","name":"BulkUnlink_LTF_FF_FF","maxLogs":10,"references":[{"@type":"reference","refObjectId":"@ePDJZkheQuAgEWA069OSuD","refType":"mtTask"},{"@type":"reference","refObjectId":"@5pm8gL3eZIqcQYw5wkhHS2","refType":"dssTask"}],"tasks":[{"@type":"workflowTask","taskId":"@ePDJZkheQuAgEWA069OSuD","type":"MTT","name":"BulkUnlink_LTF_Mapping_Task","stopOnError":false,"stopOnWarning":false},{"@type":"workflowTask","taskId":"@5pm8gL3eZIqcQYw5wkhHS2","type":"DSS","name":"BulkUnlink_LTF_DSS_FF_FF","stopOnError":false,"stopOnWarning":false}]}]