[{"@type":"workflow","id":"@1","name":"BulkUnlink_LTF_FF_FF","maxLogs":10,"references":[{"@type":"reference","refObjectId":"@6xdRiE7A2qPcFSNBgaL3mA","refType":"mtTask"},{"@type":"reference","refObjectId":"@91PJ5wzGVXYcnzUglILM0p","refType":"dssTask"}],"tasks":[{"@type":"workflowTask","taskId":"@6xdRiE7A2qPcFSNBgaL3mA","type":"MTT","name":"BulkUnlink_LTF_Mapping_Task","stopOnError":false,"stopOnWarning":false},{"@type":"workflowTask","taskId":"@91PJ5wzGVXYcnzUglILM0p","type":"DSS","name":"BulkUnlink_LTF_DSS_FF_FF","stopOnError":false,"stopOnWarning":false}]}]