[{"@type":"workflow","id":"@1","name":"BulkUnlink_LTF_FF_FF","maxLogs":10,"references":[{"@type":"reference","refObjectId":"@74ID0veird7jSBHBKb2Umy","refType":"mtTask"},{"@type":"reference","refObjectId":"@6YRIrBnIIGClCBuXn24Mwi","refType":"dssTask"}],"tasks":[{"@type":"workflowTask","taskId":"@74ID0veird7jSBHBKb2Umy","type":"MTT","name":"BulkUnlink_LTF_Mapping_Task","stopOnError":false,"stopOnWarning":false},{"@type":"workflowTask","taskId":"@6YRIrBnIIGClCBuXn24Mwi","type":"DSS","name":"BulkUnlink_LTF_DSS_FF_FF","stopOnError":false,"stopOnWarning":false}]}]