[{"@type":"workflow","id":"@1","name":"BulkUnlink_LTF_FF_FF","maxLogs":10,"references":[{"@type":"reference","refObjectId":"@hVAW1I67FGvcdQxWg2VFmv","refType":"mtTask"},{"@type":"reference","refObjectId":"@6gZMiIwG5XiczSVc4lZhqb","refType":"dssTask"}],"tasks":[{"@type":"workflowTask","taskId":"@hVAW1I67FGvcdQxWg2VFmv","type":"MTT","name":"BulkUnlink_LTF_Mapping_Task","stopOnError":false,"stopOnWarning":false},{"@type":"workflowTask","taskId":"@6gZMiIwG5XiczSVc4lZhqb","type":"DSS","name":"BulkUnlink_LTF_DSS_FF_FF","stopOnError":false,"stopOnWarning":false}]}]